x1,x2,x3,x4,x5,x6,x7,x8,x9,x10,x11,x12,x13,x14,x15,x16,x17,x18,x19,x20,x21,x22,x23,x24,x25,x26,x27,x28,x29,x30,x31,x32,x33,x34,x35,x36,x37,x38,x39,x40,x41,x42,x43,x44,x45,x46,x47,x48,x49,x50,x51,x52,x53,x54,x55,x56,x57,x58,x59,x60,y
-4.7,2.9275,25.0272,10.4968,-3.1874,21.493,-3.3071,4.5616,30.9744,1.8999,17.7353,17.373,32.238,33.0965,11.32,-5.454,15.51,20.8977,15.695,30.5534,31.1443,1.6491,36.7904,35.765,17.3688,30.698,1.76,13.888,17.8283,-1.7432,34.9149,33.8644,24.0968,44.3017,27.2685,1.7154,15.73,27.2679,24.8632,18.2928,-7.98,9.5182,12.9325,8.1072,22.5461,25.6632,-1.4776,19.1488,20.6894,-8.2224,-15.4896,9.0405,5.143,29.2703,20.1728,13.1336,16.108,23.1764,8.063,3.08,0
-4.3205,3.3075,26.0232,11.6536,-2.7523,22.2915,-2.6284,7.5696,31.3392,2.5848,23.3606,24.828,36.919,45.2549,24.928,8.888,30,34.4102,23.06,37.1996,29.9452,-0.4908,36.1226,32.0022,14.6,26.84,-7.8225,8.0437,14.7499,-6.1328,36.6516,34.2417,21.5872,38.5751,23.653,-7.7996,8.5875,23.7399,17.416,17.364,-5.652,4.3409,9.9421,4.9536,18.3041,24.2436,-2.728,18.1872,20.7362,-8.8536,-15.725,9.126,5.1958,29.0816,20.2256,13.1528,16.084,23.1029,8.0364,3.11,0
-4.607,3.455,26.6376,12.5992,-3.1494,22.14,-2.3259,8.0336,34.9568,5.5746,25.7661,25.59,35.544,41.044,22.958,3.862,23.1939,31.3673,25.3225,38.9618,35.7454,5.1477,36.7274,31.3904,16.2648,25.8956,-3.325,14.3863,16.8468,9.4336,39.9584,36.5495,21.4896,38.9799,25.116,-10.3054,14.29,27.7292,25.9,20.6628,0.294,8.9501,11.4709,5.6664,21.4331,24.2112,-0.7648,18.1904,20.234,-8.7456,-15.9274,9.348,5.3652,29.1615,20.432,13.1952,16.1896,23.3444,8.0665,3.195,0
-4.85,2.4275,25.4952,10.492,-4.6105,21.184,-3.7922,4.0416,26.9568,1.1376,16.4977,17.988,30.184,35.8437,13.458,-5.738,10.4553,19.2463,13.15,28.7406,24.7561,-1.251,39.0008,34.1458,14.512,29.4008,-2.86,7.772,11.717,-2.4584,38.382,39.074,24.896,39.8467,24.9765,-10.3736,12.52,29.1698,36.6568,26.0004,3.242,14.5138,13.741,6.8424,26.0195,28.3848,2.372,19.5216,21.2258,-8.2944,-15.4698,9.1815,5.0792,29.255,20.204,13.0584,16.03,23.0924,8.028,3.2925,0
-3.857,3.665,25.1544,10.9456,-3.879,21.3245,-3.6701,5.9472,31.7024,4.0131,22.0584,20.928,34.256,39.0295,19.056,0.652,24.3426,28.2439,8.08,30.1992,27.7108,0.0132,39.314,35.4177,14.5288,25.742,1.4875,16,18.4406,0.3376,37.5721,37.0049,22.3048,37.0791,23.9755,-7.8018,10.51,25.2519,19.7872,17.916,-5.042,8.6212,10.8787,4.0092,18.4532,24.6336,-3.1432,17.136,20.414,-8.8896,-15.6568,9.0465,5.1188,29.1785,20.264,13.012,16.0432,23.1008,8.0749,3.235,0
-4.571,3.1325,24.6648,10.4176,-4.2704,21.495,-3.6789,4.9328,29.368,2.7351,20.0796,21.375,36.343,45.9366,30,9.976,28.9668,34.7575,21.085,31.2684,23.3554,-0.6315,39.602,29.6056,13.6344,29.9384,-2.5275,9.125,13.4343,1.1608,37.906,36.2558,22.6392,38.4178,23.7035,-10.7168,8.5175,25.9106,22.7296,18.9552,-3.586,9.095,8.5183,4.4856,19.5032,25.3068,-2.5048,17.7904,20.4752,-8.8056,-15.7712,9.0675,5.0308,29.0646,20.0312,13.0712,16.0342,23.0567,8.0357,3.155,0
-4.5245,4.39,27.1704,13.3792,-1.8194,21.855,-4.1959,4.2416,29.3328,3.1617,18.0362,15.987,30.513,38.3784,20.838,0.88,19.815,23.8026,8.06,29.3126,35.2183,11.4435,45.902,35.7857,16.2144,31.1912,-1.7175,10.9719,11.8301,-5.8424,38.0677,37.9553,22.372,38.0603,24.4845,-5.6414,14.3825,25.9981,26.1496,22.3596,1.034,8.4671,11.1097,5.0988,19.7384,24.7164,-1.3024,18.6752,20.9126,-8.6184,-15.571,9.3015,5.5456,29.2227,20.168,13.1104,16.0552,23.3003,8.0252,3.2575,0
-4.2215,3.37,26.0208,10.7656,-2.7998,21.461,-3.8703,2.9808,28.344,2.5542,19.7634,19.629,32.657,38.4617,21.252,-1.248,14.4957,16.7577,19.69,40.6844,35.4472,2.2392,41.2562,44.1002,18.0904,32.864,6.18,11.7001,12.8571,-8.3528,34.9226,31.6864,20.792,40.4066,24.833,-14.69,3.7875,25.751,23.2912,18.0552,-6.698,8.0508,10.9459,4.7244,21.5066,26.832,-1.3,17.4064,20.513,-8.5728,-15.8856,9.1215,5.264,29.0765,20.2904,13.0776,16.051,23.0987,8.0336,3.1325,0
-4.6655,2.9375,25.1616,11.14,-3.7707,21.2955,-4.1717,2.1568,27.0944,1.3383,16.9652,17.481,33.833,38.1166,13.426,-7.728,9.7329,22.7308,21.5025,41.835,39.5842,9.669,41.0816,32.8578,14.6992,31.8392,8.0275,13.0883,15.3128,-7.1744,36.1049,35.5056,22.536,39.6355,24.704,-12.1908,5.1575,24.9082,17.032,18.3504,-3.884,7.002,11.4541,4.3188,19.0685,25.5252,-0.4984,18.8624,21.3986,-7.9464,-15.8658,9.2175,5.2816,29.2465,20.1392,13.0392,16.039,23.1953,8.0413,3.055,0
-4.754,2.4325,24.8328,10.168,-4.6447,21.3355,-3.8384,3.1152,27.5392,0.2259,16.3617,16.584,31.266,33.513,10.396,-7.734,14.9346,21.4382,11.095,29.5326,31.7428,7.0692,45.5654,45.3537,19.3656,32.054,4.7225,14.7977,18.5017,5.5504,38.0803,36.4285,22.4808,36.3366,23.122,-14.5624,2.985,23.9597,14.6704,15.5424,-7.76,6.2683,10.3537,4.6608,17.7812,24.8256,-1.9192,17.8208,20.1656,-8.5248,-15.7404,9.135,5.4906,29.3043,20.2016,13.0544,16.0192,23.0735,8.0392,3.1,0
-4.9415,2.1575,24.3648,10.8064,-4.411,21.142,-4.5644,2.4352,26.5168,0.4068,15.8364,16.494,31.424,34.0298,11.256,-8.186,11.4717,17.2867,6.0575,22.4288,22.8787,-1.1985,36.8876,36.1261,17.3232,31.9712,3.135,14.4105,21.636,11.1304,39.2514,38.9299,26.2056,42.6605,25.5105,-7.1022,8.8675,25.9967,23.6248,19.4988,-5.056,4.1753,8.6653,4.5228,20.2193,24.828,-3.0352,17.8544,20.4104,-8.8248,-15.8636,9.093,5.264,29.0884,20.1344,13.0744,16.0252,23.0063,8.0371,3.09,0
-4.8155,2.7725,24.4056,10.7512,-4.3198,21.051,-4.7998,2.9264,27.7952,0.7515,15.9316,16.2705,32.026,36.3469,13.74,-5.936,12.0723,20.5527,17.56,37.0016,35.4892,8.8815,38.5616,31.4019,16.7784,32.93,9,14.5403,17.1913,0.0184,36.758,33.8336,22.2536,38.9051,24.3785,-11.0644,8.985,26.2032,22.456,18.0264,-5.436,6.1142,8.0836,3.4044,18.8774,25.0332,-1.9072,17.712,20.2412,-8.4792,-15.5864,9.1995,5.583,29.3808,20.1776,13.0944,16.0156,23.1932,8.0063,3.11,0
-4.8815,2.215,24.132,10.6,-4.3464,21.273,-4.4192,3.5328,27.6144,1.116,16.8649,16.8225,31.874,37.7511,16.454,-4.554,17.2803,28.7936,21.1775,39.0806,39.3154,11.6787,46.064,41.4828,17.4664,29.1632,-8.275,5.9152,14.2247,-5.3744,35.3335,32.3585,21.3736,38.5861,24.2445,-8.9722,7.455,24.1123,15.3736,16.3068,-6.914,4.9297,9.9211,3.9828,18.4238,24.7956,-1.1152,18.1072,20.2736,-8.3616,-15.6172,9.264,5.2794,29.1496,20.2352,13.0152,16.0354,23.1218,8.0413,3.08,0
-4.865,2.155,24.6072,11.1736,-2.7257,21.7945,-3.4688,3.5792,27.528,1.7055,18.2232,18.8205,34.073,37.0796,15.802,0.652,17.4462,17.6133,10.56,28.5954,26.4382,0.3198,40.5452,33.5823,16.8072,33.428,4.8625,13.4359,15.6053,0.088,37.766,36.9125,23.0752,39.9611,26.701,0.0742,8.645,23.4669,21.8416,22.3368,-1.98,8.3176,11.6095,6.6612,21.0677,25.884,-2.8504,17.8608,20.2628,-8.8368,-15.5886,9.0885,5.209,29.3298,20.192,13.1216,16.0948,23.1113,8.1323,3.255,0
-4.814,3.0825,25.4496,11.0776,-3.8657,21.1775,-4.4159,2.5488,27.6832,1.908,17.788,17.8515,33.026,35.4323,11.184,-5.22,16.6797,22.7607,17.8225,33.8578,31.1821,0.6054,37.0082,31.4893,17.1568,33.728,6.445,10.478,13.3329,-5.36,35.0871,35.0326,23.472,39.3902,24.512,-7.9602,12.7525,25.8903,26.1976,21.0216,-2.736,9.4446,11.9371,5.7576,19.4255,24.8688,-2.5096,17.5088,20.81,-8.5992,-15.8284,9.1245,5.1254,29.2958,20.4512,13.0432,16.0684,23.4116,8.1029,3.155,0
-4.553,3.5375,25.56,12.2104,-1.9315,22.147,-2.6064,5.2528,28.3344,0.7668,19.2092,20.4675,32.777,36.8042,16.474,-1.33,20.8398,24.4765,13.87,34.1526,27.2572,-4.8231,35.372,44.0795,19.4968,28.544,-9.0725,12.2743,19.4364,-0.92,37.6344,38.6582,24.6336,45.7779,26.9315,-1.3074,18.0375,26.0807,20.2216,18.7956,-3.382,9.6654,8.1046,5.2404,20.2613,25.9596,-0.9952,18.1968,20.8136,-8.8464,-15.6612,9.0465,5.3366,29.1207,20.5088,13.0608,16.0912,23.1029,8.14,3.1825,0
-4.472,2.29,24.4584,11.1256,-3.5997,21.5925,-3.1487,4.4656,28.3456,2.6208,18.9576,18.3555,32.47,34.652,16.982,-3.384,13.8279,19.0669,9.2325,29.0816,25.6318,4.0011,39.5372,30.8085,14.0488,29.7188,4.3625,12.6351,18.0805,9.784,38.151,35.0304,25.4,45.5667,26.9185,-0.3856,13.4725,26.2991,16.0048,22.3044,5.644,16.7471,14.2051,5.1636,21.9938,28.1088,1.5272,18.1024,20.3888,-7.8744,-15.0628,9.519,5.3476,29.2618,20.2616,13.0384,16.057,23.0315,8.0511,3.1675,0
-4.712,3.5175,24.9072,11.8576,-2.3628,21.4045,-4.3752,2.3504,27.6592,1.0674,17.1029,17.4015,33.52,39.6143,17.538,1.522,22.4946,29.617,20.8925,32.0252,30.3379,4.3602,43.1282,40.8388,16.624,28.8344,-5.5475,7.7027,9.9308,-9.5288,35.2712,35.9423,24.7808,40.1635,24.2475,-4.3038,21.13,28.8863,21.568,18.7596,3.192,17.6694,12.6889,4.7028,19.646,25.5456,-2.104,18.3264,20.936,-8.4816,-15.208,9.4965,5.2882,29.204,20.2592,13.0192,16.027,23.0777,8.0784,3.1875,0
-4.595,2.23,24.348,10.6672,-4.2172,21.3785,-3.8714,3.8208,27.2704,1.368,17.8475,17.055,31.361,34.2865,14.288,0.708,23.343,26.88,10.7325,27.0972,28.303,2.7033,39.4076,37.1979,18.5056,34.7828,8.5575,15.0826,18.6499,7.5664,39.9311,39.0872,25.3368,42.6913,26.1195,-3.8616,13.2875,26.6694,20.0176,16.8432,-4.994,7.6713,11.6347,5.1336,19.8413,25.6476,-2.2024,17.7552,20.585,-8.5704,-15.901,9.126,5.022,29.0306,20.1632,13.0312,16.072,23.2772,8.049,3.22,0
-4.811,2.3725,25.5384,14.1568,-0.1265,22.2795,-1.7583,8.576,33.9728,5.328,24.9144,23.1285,35.472,41.0338,19.962,3.97,26.4132,32.0297,23.5375,40.5986,40,10.3704,43.1102,35.581,15.6496,30.1064,-2.38,9.3681,10.1466,-5.276,35.4035,31.6457,22.0352,38.2099,23.1645,-13.5966,2.03,24.7122,20.6104,18.834,-2.898,4.9228,9.6586,4.6572,19.3856,24.6192,-3.8248,17.4448,20.6696,-8.7096,-15.6634,9.138,5.077,29.1666,20.2904,13.0048,16.1086,23.1974,8.0812,3.1575,0
-4.2905,3.2725,25.9656,13.0048,-1.6123,22.535,-1.6912,5.7792,32.128,3.3831,20.1357,19.3635,32.301,34.3987,13.164,-5.14,18.3954,27.7172,19.86,37.5318,36.4699,7.4073,44.5268,39.9487,15.2976,26.1152,-7.52,9.1668,14.8344,4.0744,39.2143,39.0608,26.1632,44.657,26.024,-4.108,14.9625,28.0953,28.0864,21.3792,-0.862,7.1193,10.4125,6.0324,20.9963,25.9716,-2.5504,17.3344,20.7848,-8.58,-15.7646,9.2895,5.2596,29.1088,20.1008,13.0432,16.0294,23.1722,8.0196,3.0675,0
-4.004,3.4375,26.0208,10.8928,-4.1298,21.3855,-4.1519,3.808,29.7648,1.6542,19.8773,21.1935,33.647,35.3728,15.68,-1.922,21.2577,29.6216,18.215,30.6876,25.8166,-4.7727,32.7476,26.8778,13.9872,26.2832,-8.54,10.1205,18.087,6.9376,39.5692,39.7791,25.372,43.6362,26.72,0.9718,21.28,30,34.0072,23.4732,4.606,16.5654,16.6978,7.3668,20.1332,25.4592,-0.8656,18.9168,21.0404,-8.436,-15.703,9.2115,5.418,29.0731,20.0864,13.0208,16.0144,23.3402,8.0763,3.1975,0
-4.8515,3.21,24.7176,10.7128,-3.7612,21.5385,-2.4007,5.816,26.12,1.6938,17.4752,17.838,33.176,34.278,14.338,-5.084,14.4369,20.4078,8.745,21.4432,22.0261,-6.5241,32.0024,27.1009,13.9808,26.084,-13.41,10.8916,18.2612,4.0984,37.3292,37.6165,25.7664,42.8574,25.8625,-0.4494,20.78,29.4764,36.3016,26.1564,8.99,21.1953,18.76,6.4056,26.2547,30.6084,6.3944,21.648,23.5658,-7.1304,-15.1288,9.2595,5.3278,29.1955,20.4848,13.1112,16.0174,23.336,8.0742,3.335,0
-4.8275,2.375,24.3264,10.1824,-4.5991,21.529,-3.8747,2.704,27.4896,0.6606,16.258,15.933,31.055,34.0111,13.442,-4.832,15.7872,22.7791,13.6075,29.2774,28.3429,-0.4425,34.9508,32.2276,15.5728,29.2616,2.88,15.4533,22,10.8016,39.7981,39.3281,25.8096,42.7672,25.84,-4.3346,12.31,25.5704,17.0056,16.0392,-7.708,7.3493,12.6343,6.4644,21.9161,26.0016,-1.564,18.912,21.2672,-8.5992,-15.7646,9.1365,5.0352,29.1428,20.1536,13.0208,16.0174,23.0777,8.049,3.1025,0
-4.5605,3.61,24.936,10.4152,-4.0956,21.408,-3.9077,2.504,27.1776,0.774,15.7038,15.708,30.835,33.5946,12.932,-8.382,11.4759,19.0117,11.315,27.1676,23.4331,-4.1658,35.0498,32.7957,15.6872,26.1272,-13.815,8.1482,16.2878,9.0256,39.6672,38.975,26.4384,46.3785,28,2.712,12.79,25.1259,18.6112,17.8584,-2.364,11.7883,10.3075,5.6736,20.3222,25.7196,-0.0784,18.8128,21.0206,-8.6808,-15.626,9.0525,5.1144,29.1411,20.1872,13.06,16.063,23.336,8.0665,3.0275,0
-4.6985,2.065,24.3312,10.1488,-4.7473,21.0755,-4.4049,2.336,26.808,0.9873,16.4297,16.413,31.204,32.714,10.062,-9.676,10.3104,18.8921,11.59,28.3886,27.0325,1.0044,40.3634,40.3029,18.94,33.5456,3.7525,14.1927,21.5203,12.0856,40.4652,40.7933,27.7664,46.6117,26.946,-5.3246,5.795,24.3671,16.2976,18.726,-1.42,12.4415,14.0455,6.5976,22.7708,26.4288,-1.4968,17.7248,20.6066,-8.7072,-15.8416,9.162,5.154,29.1071,20.072,13.0088,16.0042,23.0504,8.0399,3.11,0
-4.7735,2.8,25.4376,12.52,-2.7903,21.867,-3.1531,3.7904,27.4224,1.0845,16.4399,17.277,32.305,36.7481,16.808,-0.946,23.595,34.2561,25.885,36.5924,33.1456,6.0066,44.003,40.7123,17.5944,30.8516,-3.4,10.4186,15.4896,-1.0136,35.1417,31.4444,20.5096,39.2582,24.8045,-12.8948,0.19,24.0479,18.772,17.376,-2.65,8.4717,10.6036,4.8708,20.2676,24.5064,-2.8168,17.7616,20.3942,-8.8584,-15.8108,9.0915,5.033,29.1428,20.3072,13.0432,16.0066,23.0399,8.0161,3.155,0
-4.7345,2.75,24.6912,10.9456,-3.803,21.263,-4.2432,3.0128,26.9984,0.5517,17.856,20.214,34.561,40.8196,22.616,4.402,19.8213,22.7814,9.61,27.359,29.2165,4.9188,42.3002,44.1899,20,32.3,-2.0175,11.7892,20.2255,4.8208,37.339,36.4813,22.664,39.3836,24.438,-12.1028,0.985,23.4221,15.5176,15.7272,-5.94,5.2609,10.4503,5.2812,19.3247,26.3004,-0.4792,17.6272,20.6408,-8.352,-15.6304,9.153,5.2684,29.0748,20.18,13.0992,16.0594,23.1197,8.0224,3.0475,0
-4.85,2.6875,24.456,10.8904,-4.2096,21.1005,-4.6546,3.0416,29.0336,2.4012,20.7392,19.923,32.432,34.1556,12.556,-1.118,23.2695,30.2173,22.915,40.6822,39.6997,8.2053,39.4202,37.7062,17.6344,31.25,-5.7975,6.9921,11.6832,-1.5992,36.6537,33.2462,21.7816,39.6751,24.992,-5.8306,12.835,25.3464,19.5352,17.7336,-4.912,7.5678,8.7535,4.0896,19.898,26.3376,-1.0936,18.3488,21.0602,-8.4072,-15.7404,9.132,5.2288,29.0612,20.2112,13.0376,16.0702,23.042,8.0637,3.145,0
-4.7165,2.77,24.4728,11.4928,-4.848,21.3945,-3.416,4.3216,28.8624,2.2698,19.4319,20.565,33.906,36.5424,15.432,-1.634,23.6748,27.1859,8.565,25.7882,34.6933,6.2523,35.1074,29.4952,16.8424,30.0764,-3.5825,14.4776,19.8407,-1.1984,35.5876,32.9195,20.4056,37.7468,24.52,-13.9882,3.0125,24.4427,14.7616,15.2424,-5.724,6.6409,10.843,5.2632,19.1168,24.7956,-3.5608,17.6464,20.1944,-8.6568,-15.7998,9.057,5.2112,29.2414,20.456,13.112,16.0594,23.1932,8.0364,3.1875,0
-4.64,2.545,24.7776,11.3656,-4.373,21.2565,-4.0133,3.1408,26.9104,0.3501,18.2878,18.651,32.906,36.4302,17.622,-0.006,15.3315,22.4065,19.9775,36.0754,29.6113,0.3261,41.5766,41.7059,18.2248,33.7316,6.3225,14.8043,20.193,8.3512,37.878,33.6906,22.7672,37.7765,24.2335,-4.7592,10.7025,23.6853,16.7968,15.9012,-2.358,11.6135,12.5986,4.2936,19.9778,26.0244,-2.2288,18.0144,20.2592,-8.4576,-15.8658,9.243,5.3212,29.1581,20.2688,13.0752,16.0324,23.0399,8.0462,3.0575,0
-4.874,2.3825,24.6984,11.0368,-3.1931,21.376,-4.5446,2.4144,27.1072,1.5777,18.349,16.7505,31.683,33.3838,14.358,0.242,24.1851,31.8848,18.555,27.7022,26.8393,-3.4938,35.7968,39.9303,18.9384,32.8676,3.43,13.6482,16.3476,-2.276,36.4738,35.2515,22.696,37.8623,24.3135,-9.971,2.47,23.7336,17.0344,17.292,-6.652,5.1459,8.7976,4.1412,19.0706,25.1472,-2.9776,17.6512,20.1908,-8.5704,-15.8768,9.354,5.2508,29.2312,20.2808,13.048,16.0348,23.0651,8.0504,3.1125,0
-4.7075,2.5325,24.1392,10.456,-4.3939,21.2855,-3.8956,3.0688,27.1056,0.2178,16.2376,15.9585,33.002,38.5518,19.534,-0.796,15.6675,23.568,19.07,42,37.1251,1.9452,34.6808,36.6896,18.1856,30.2504,-5.0625,11.0357,15.136,3.964,36.6957,32.749,23.1128,41.8234,24.752,-7.144,9.1025,26.5217,28.54,21.5916,-1.904,7.6644,10.9522,4.014,19.7615,25.908,-2.6512,17.9872,20.6174,-8.112,-15.4258,9.2355,5.1628,29.4607,20.4872,13.0712,16.057,23.1995,8.0147,3.1325,0
-4.337,3.1925,24.1176,11.3944,-4.4718,21.339,-3.1696,4.384,27.5584,1.1412,16.8853,18.5625,32.007,35.638,12.218,-5.928,14.1828,29.3686,23.8625,38.1544,35.8357,9.8622,46.3952,42.5845,17.3008,26.8892,-10.865,11.2359,16.4438,0.7048,39.2724,39.36,24.148,40.532,25.78,-4.7482,2.34,25.6817,24.0664,20.196,-3.888,6.3718,14.3269,6.1908,18.9824,25.644,-0.7744,17.6656,21.2942,-7.4712,-15.538,9.306,5.4752,29.2295,20.132,13.0584,16.048,23.2205,8.0413,3.2625,0
-4.5335,3.2275,25.6608,11.9944,-4.8499,21.1,-3.9209,3.6256,29.24,0.6903,18.0039,18.8325,32.812,36.6274,16.454,-3.074,20.3295,32.1953,25.66,39.1422,35.1112,-2.7903,36.4664,36.8989,14.5424,27.1784,-0.605,13.8539,17.1757,0.9976,38.081,38.326,23.2992,37.386,24.2435,-6.7128,12.455,25.205,18.1336,17.2176,-5.642,8.3544,9.1315,3.8556,18.2915,24.9348,-2.1736,18.352,21.0656,-8.8368,-15.8042,9.1305,5.0704,29.221,20.4512,13.0808,16.1374,23.3822,8.0322,3.095,0
-4.691,2.33,25.2792,11.3656,-3.7707,21.716,-3.5216,5.2656,28.5136,1.4157,18.9559,17.6775,31.507,35.2572,14.122,-5.386,13.956,16.9877,12.53,32.8876,28.4437,1.2396,47,42.9525,15.7744,29.4092,-0.5075,12.8573,16.2865,-2.0528,35.7367,33.1131,21.1088,39.6575,24.4415,-9.8984,5.5175,24.428,18.7504,16.5828,-7.634,3.7682,8.5036,4.1712,18.6527,24.6264,-2.8,17.3696,20.3978,-8.6544,-15.3246,9.579,5.3234,29.0306,20.24,13.0768,16.0462,23.378,8.0763,3.175,0
-4.859,2.415,24.9552,10.8616,-3.7061,21.353,-3.878,3.4288,26.6096,1.1952,17.2151,15.4095,30.644,33.2104,12.408,-8.566,11.5704,19.4027,12.21,28.6196,29.3425,9.4653,46.2908,43.2078,17.524,31.3244,-1.815,12.194,19.1426,7.18,38.0852,37.9476,26.4864,45.9429,27.3235,-2.271,9.0675,24.659,19.444,19.3944,-2.466,8.06,13.2916,5.646,19.4423,24.762,-2.884,17.6752,20.3132,-8.5872,-15.7052,9.2115,5.4202,29.2465,20.156,13.1032,16.1302,23.1827,8.0539,3.305,0
-4.5005,2.5525,24.648,11.1544,-3.7099,21.4905,-4.0727,3.8752,27.2144,0.828,17.5075,15.783,31.119,33.649,12.348,-6.644,12.4482,16.7715,4.235,23.3968,26.3185,3.9066,45.4628,44.5372,18.9416,33.5264,5.3825,14.7163,22,8.9104,38.6207,37.0489,24.5728,43.5449,26.4125,-5.6876,5.875,23.9506,16.7224,18.1752,-5.012,7.3309,12.7666,4.9812,18.2075,24.834,-2.5648,17.7296,20.0378,-8.8368,-15.9208,9.033,5.0704,29.102,20.1296,13.0504,16.0858,23.2772,8.0357,3.1025,0
-4.8155,2.055,24.4704,10.4944,-4.658,21.246,-4.9637,2.6368,27.2656,0.4275,16.9584,15.78,31.192,35.3031,13.68,-5.846,13.1076,17.749,6.045,22.2374,21.8434,-2.3703,37.361,36.5838,17.4208,32.7428,5.485,15.1508,19.9031,6.3712,38.4044,36.6991,23.7032,41.7805,25.5735,-8.3562,2.1975,23.2877,15.0616,16.3572,-6.388,7.0411,12.5608,5.346,18.3776,24.696,-3.2344,17.4816,20.4896,-8.8224,-15.6722,9.1875,5.2948,29.0442,20.0912,13.0144,16.0678,23.1218,8.0329,3.1775,0
-4.8635,2.5325,24.4944,11.212,-3.7517,21.3975,-3.933,3.3952,27.1888,0.7533,17.6843,16.347,30.309,35.1552,15.938,-5.936,11.6544,17.8065,7.1525,24.6002,23.851,0.366,40.9412,38.9459,18.1304,32.8472,1.6225,13.316,18.7058,4.3288,37.3922,34.6608,24.2848,45.6151,27.2865,-2.2204,7.615,25.205,19.4848,18.1176,-3.516,11.2662,16.2022,5.952,18.5918,24.2244,-2.0872,18.1968,20.6606,-8.628,-15.34,9.168,5.2464,29.1734,20.0624,13.0776,16.0588,23.0903,8.0497,3.27,0
-4.898,2.58,25.2312,11.0656,-4.5269,21.3185,-4.5358,3.808,29.0576,2.2275,17.7302,16.383,32.398,37.474,18.59,-4.696,10.3986,17.3166,8.9325,25.709,24.2353,-0.8037,40.4912,41.4851,17.6208,31.2488,1.4925,14.4138,22,12.0904,40.2972,39.3325,25.5216,42.2546,25.198,-6.9988,6.3975,24.1109,17.0344,16.0104,-6.654,7.0342,12.7288,5.046,17.4074,24.2556,-3.1504,17.672,20.1674,-8.5104,-15.5622,9.2595,5.3586,29.0935,20.108,13.0544,16.0246,23.1092,8.1358,3.2625,0
-4.8605,2.4625,24.1344,10.1536,-4.506,21.229,-4.483,2.0912,26.68,0.576,16.5096,17.3985,31.541,36.7056,14.352,-4.402,16.3311,20.4952,9.1975,26.611,28.03,0.8364,37.136,34.5598,16.9736,30.8852,0.58,13.0531,20.0942,13,39.9136,37.9894,25.0464,42.8321,26.488,-4.0904,11.2225,25.5781,17.9032,16.7628,-4.56,6.3327,10.129,4.4532,19.4024,24.9492,-3.124,17.2432,20.153,-8.712,-15.9516,9.1035,5.1408,29.2193,20.2736,13.0432,16.0534,23.105,8.0406,3.0625,0
-4.6835,2.7975,24.996,10.6864,-4.7701,21.219,-3.5711,4.224,27.112,0.5112,16.4773,17.9025,31.478,35.1807,13.988,-3.434,23.4081,27.3722,9.25,23.8148,26.0623,2.7348,40.8656,39.1276,18.4792,33.6812,5.8625,13.6757,20.3425,11.5024,40.244,39.2588,25.4656,44.371,27.5085,5,21.8075,28.1716,27.196,19.8684,-2.962,8.3613,13.1551,5.7576,22.0211,26.292,-1.3696,17.48,20.3078,-8.0808,-15.8834,9.135,5.0924,29.2601,20.2544,13.016,16.063,23.1029,8.049,3.2,0
-4.8605,2.6725,24.5208,10.8136,-4.4205,21.586,-3.405,3.0208,27.184,1.224,18.6244,20.607,33.738,36.5441,14.666,0.734,24.3552,31.6157,18.6775,29.669,28.093,0.0846,38.9792,39.928,18.8712,33.7868,7.55,15.3411,21.1927,9.58,39.0988,38.37,26.0376,45.6503,27.9595,4.8284,22.5475,28.8716,28.852,20.7792,-3.166,7.0687,9.3856,3.8412,20.3138,26.3256,-1.3456,18.1088,20.3168,-8.508,-15.3202,9.318,5.2002,29.0952,20.2064,13.0736,16.042,23.2436,8.042,3.275,0
-4.6145,3.1175,24.9312,10.5736,-2.5015,21.6615,-3.2312,5.432,27.3552,0.5049,16.5147,16.2915,31.531,34.5908,13.698,-4.258,13.2189,20.3204,15.5425,24.7784,29.4538,2.0565,35.5646,36.2664,16.1288,29.858,-5.985,9.015,17.6905,9.7816,39.6364,35.4902,22.7032,41.6012,26.388,-0.9114,14.155,27.928,34.2376,25.7748,6.502,19.6681,23.2393,12.3144,29.6189,29.4168,3.4304,19.9744,21.7208,-8.5056,-15.5468,9.144,5.3366,29.1632,20.3144,13.1584,16.015,23.4179,8.1785,3.45,0
-4.388,3.6325,24.9528,11.4496,-4.0576,21.9085,-3.7042,3.6384,26.9328,1.9584,19.1803,19.998,33.087,36.4421,16.464,-2.538,17.8263,26.3372,20.655,38.0312,37.5535,8.4279,42.6962,40.4915,18.6936,33.686,3.13,11.4867,12.9481,-9.0248,35.9509,38.9651,26.4256,44.855,26.838,-0.5704,14.6325,24.211,19.9984,21.0036,1.44,14.0952,15.4084,7.6524,20.4671,24.5304,-2.4088,17.6688,20.855,-8.436,-15.8548,9.093,5.2838,29.3128,20.1656,13.1584,16.1194,23.2142,8.049,3.1375,0
-4.538,2.8475,24.4848,12.1336,-2.017,21.875,-3.988,4.1648,28.5488,2.5155,20.6712,19.41,31.608,37.6695,19.97,4.59,24.435,32.9819,24.9825,41.2454,40,9.2847,40.6478,36.7379,18.5744,32.306,-0.7225,9.6145,12.887,-7.7504,35.7066,37.1864,24.444,43.6593,26.649,-1.5516,12.67,23.9947,24.3712,22.692,-0.25,10.3094,11.9917,6.3696,19.8854,25.3632,-1.5184,18.1008,20.7596,-8.7192,-15.846,9.2505,5.2794,29.2346,20.216,13.0408,16.0174,23.2562,8.0392,3.05,0
-4.4405,2.7025,24.5568,10.54,-4.6599,21.3665,-4.0749,3.6496,27.5888,0.7218,17.6588,18.8475,32.624,34.0043,11.194,-6.874,13.7061,22.2478,7.48,27.1632,31.7659,5.6748,44.1038,42.6719,18.168,30.458,-1.66,9.8422,14.2728,-0.4136,37.591,37.5615,25.8176,43.1929,25.951,-5.1354,11.2425,25.8567,22.948,22.2036,5.392,18.2559,20.2027,7.9044,23.7452,27.0216,-0.4432,18.5808,20.5706,-8.3544,-15.8548,9.012,5.099,29.0408,20.0144,13.0584,16.0576,23.1134,8.0595,3.15,0
-4.715,2.095,25.5408,11.0848,-4.3673,21.345,-4.0089,4.3264,27.184,0.3141,17.4803,20.2095,33.197,36.7991,10.332,-8.856,13.5444,24.4949,12.5475,32.3794,32.6164,6.1935,43.8356,43.1618,20,33.2984,0.4075,10.5957,15.2621,-0.128,37.1647,35.9852,24.308,41.8388,25.678,-5.4038,9.65,24.7052,15.892,19.614,-0.786,14.6541,15.8536,5.9748,20.3306,25.3488,-2.4376,18.2624,20.585,-8.832,-15.9428,9.1395,5.2596,29.1904,20.2256,13.112,16.0432,23.0462,8.0385,3.305,0
-4.8215,3.455,25.4952,11.44,-2.3457,21.9415,-3.4358,4.3152,26.7792,0.7776,18.6431,20.58,32.665,35.5921,12.206,-7.728,13.0614,23.5266,11.1975,33.6884,34.6828,7.1196,43.1606,41.9819,20,34.3772,2.8475,11.6088,16.0681,1.9288,37.9333,36.6551,24.8672,42.1831,25.978,-3.6284,11.5625,24.9803,14.1448,18.3732,-2.156,14.8381,16.1812,5.964,20.5868,25.6116,-1.9888,18.208,20.5472,-8.8224,-15.8482,9.0375,5.2266,29.1258,20.2952,13.0552,16.0456,23.1533,8.021,3.345,0
-4.4705,3.7825,24.7824,10.6528,-4.297,21.396,-3.8087,3.0992,26.4768,0.792,16.8326,16.4685,32.25,36.7923,14.198,-7.52,12.5679,16.1597,5.7275,23.102,21.6628,-2.3829,31.574,28.2072,16.6048,32.4512,1.895,11.5978,16.2579,4.108,39.3613,40.834,26.7488,43.4877,27.19,5,22.7425,28.5062,26.5528,19.176,-3.83,8.2992,13.1908,7.0356,23.3357,26.6316,-0.8416,18.7248,21.0062,-8.916,-15.7844,9.2445,5.5324,29.0731,20.4848,13.0864,16.0222,23.2016,8.0651,3.1325,0
-4.8035,2.17,24.7392,10.7464,-4.8385,21.3835,-4.1519,3.024,27.1616,0.8109,16.275,16.266,31.226,34.7523,14.634,-4.132,16.4046,22.4111,11.0525,26.8046,27.5764,-0.0015,37.3934,36.6988,17.5584,33.0632,6.1875,12.0444,13.3004,-2.78,37.444,36.0512,22.4272,40.8026,25.5875,-5.7316,10.865,26.4314,24.0472,20.352,-0.608,9.6079,11.8216,4.1388,17.1995,24.6324,-3.0808,17.1712,20.1944,-8.8152,-15.7602,9.093,5.0616,29.068,20.18,13.0312,16.0318,23.0273,8.0364,3.0575,0
-4.8695,2.115,24.1944,10.552,-3.8866,21.341,-3.9077,3.1472,26.9216,0.7362,17.2355,17.793,32.789,36.3843,14.48,-4.864,15.1593,20.8793,12.81,30.3202,30.8965,4.5744,41.1932,40.4271,19.0848,34.3028,9,14.4204,17.827,2.4088,36.9029,34.2406,21.62,36.7568,23.5855,-12.2546,4.54,24.9432,18.5416,16.7328,-5.974,7.0135,10.6876,4.7088,18.9068,24.1656,-2.8744,17.768,20.2862,-8.892,-15.967,9.078,5.0836,29.1343,20.2736,13.04,16.018,23.1344,8.0406,3.075,0
-4.5605,2.945,24.6168,10.1488,-4.753,21.306,-4.0155,3.7712,27.5568,0.6759,15.8976,16.8135,31.763,35.4663,15.454,-5.358,14.6196,20.7482,11.2375,30.802,30.3442,4.1397,41.2868,40.3121,18.8032,33.7256,8.82,15.0474,18.204,4.1632,38.2882,36.1018,22.2376,37.8931,23.8325,-11.3658,5.8375,25.2463,19.5376,17.256,-5.896,8.8006,11.4541,5.1612,20.0933,24.8172,-1.3816,18.4704,20.7146,-8.7768,-15.8328,9.0975,5.1584,29.1836,20.1224,13.0816,16.0246,23.1155,8.035,3.2175,0
-4.802,2.2,24.4512,10.3384,-4.1716,21.334,-4.3301,2.2096,27.4384,0.8298,17.4565,17.2125,32.087,36.3486,15.206,-6.03,14.0274,21.2082,13.1925,29.9638,29.2753,2.8986,40.2212,38.5043,18.6256,33.5876,6.99,14.8615,18.8137,5.1664,38.5241,36.5077,22.9304,38.5278,23.681,-12.3294,4.9875,24.8711,19.876,17.472,-5.682,9.0559,12.3592,5.0352,20.0807,25.5432,-1.7776,18.1456,20.585,-8.3808,-15.7008,9.066,5.0616,29.0357,20.0528,13.0384,16.0828,23.294,8.0196,3.16,0
-4.6985,2.29,24.2952,10.588,-3.9607,21.104,-4.0199,3.3376,28.136,1.0791,17.9614,17.0805,32.042,36.386,15.232,-5.806,14.3172,21.3899,13.8175,30.472,30.1888,3.7197,41.0528,40.1948,19.144,34.286,9,15.7635,20.0149,7.3336,38.6907,36.4879,22.9744,38.4156,23.708,-11.104,5.575,25.1728,21.1408,17.5476,-6.66,9.1065,11.6263,4.8492,20.0744,25.2528,-1.06,18.192,20.882,-8.4624,-15.9296,9.114,5.099,29.0952,20.18,13.0296,16.027,23.0609,8.0056,3.045,0
-4.772,2.255,24.2712,10.6312,-4.8157,21.1955,-4.0573,3.464,27.5184,1.3536,18.2487,18.1725,32.249,36.3741,13.402,-5.954,14.3298,21.8591,13.065,30.0166,30.6025,3.5811,39.5372,39.3622,19.6,34.8296,9,15.5358,20.2346,6.1072,38.1251,35.7553,22.3176,37.9184,23.385,-11.9466,5.1475,25.1707,20.9488,17.664,-7.258,7.7472,10.7968,4.9488,19.352,24.978,-1.3192,18.52,20.7416,-8.712,-15.8944,9.0735,5.0902,29.0612,20.0312,13.0368,16.0222,23.0231,8.0238,3.0825,0
-4.676,2.31,24.4176,10.3648,-3.8448,21.513,-3.7471,3.4032,27.856,0.7794,17.6588,16.17,30.997,33.5555,11.324,-7.732,12.654,19.9179,11.235,28.602,30.4198,3.8415,41.6396,40.503,18.3784,33.926,6.0175,13.7439,19.387,6.232,38.4849,37.9432,24.7432,42.7848,26.249,-2.1192,14.6325,26.5819,22.336,18.9276,-3.982,6.519,9.7783,4.9884,19.5515,25.1736,-2.9152,17.4368,20.3222,-8.7792,-15.9604,9.078,5.1078,29.1632,20.3216,13.0976,16.0282,23.0378,8.0042,3.0575,0
-4.6625,2.0475,24.18,10.2328,-4.1545,21.453,-4.0221,3.048,28.5984,1.3068,17.4514,16.422,30.618,34.7897,11.416,-8.312,14.439,20.1617,10.735,30.2916,31.5118,6.2145,44.7914,44.1922,19.4256,34.9304,9,14.9781,20.1085,6.5032,38.5493,37.6781,24.4704,42.5637,26.1375,-4.9902,10.965,25.7755,18.0088,16.9812,-5.328,4.4996,8.5918,3.5832,17.7413,24.3564,-3.4216,17.6064,20.2142,-8.8248,-15.8878,9.051,5.2838,29.17,20.1056,13.0456,16.018,23.0735,8.0147,3.0675,0
-4.8125,2.38,24.5232,10.42,-4.3122,21.348,-4.0397,2.9856,28.0032,1.1718,16.5096,15.75,30.628,34.1658,11.602,-8.516,13.3008,20.785,10.9825,30.0474,31.5139,5.9121,43.805,42.3775,19.252,34.7624,9,14.6272,18.8579,4.8784,38.0502,36.6408,23.8208,41.4934,25.5985,-5.8438,10.4425,25.4535,17.428,17.268,-5.066,5.3943,8.155,3.5904,18.3062,24.606,-3.4072,17.3504,20.1836,-8.8872,-15.9582,9.0615,5.1628,29.051,20.12,13.0384,16.0102,23.0861,8.0602,3.145,0
-4.805,2.015,24.2112,11.0944,-4.0025,21.389,-3.9759,3.5056,28.7376,1.3347,17.6044,16.65,30.89,34.1012,12.394,-7.71,13.4877,20.5274,12.1,31.946,33.0133,7.7559,45.6914,43.7621,19.3536,35,8.5525,15.0012,19.6392,5.7088,38.13,36.9917,24.1136,41.9279,25.7655,-5.3004,11.065,25.653,17.3944,17.1,-5.642,4.5502,8.2789,3.45,18.1193,24.3336,-3.5704,17.1824,20.1314,-8.7216,-15.7976,9.117,5.0902,29.0221,20.0264,13.036,16.0234,23.0462,8.0161,3.04,0
-4.7975,2.1125,24.1224,10.6936,-3.9341,21.4645,-3.8659,3.4128,28.5536,1.7172,17.6792,16.668,31.197,33.9958,12.83,-5.57,14.5818,20.2399,12.655,32.5774,33.2737,9.3687,47,43.5804,18.736,34.0088,7.2675,14.955,19.6964,5.7664,38.0817,36.4164,23.6504,41.6749,25.835,-5.3752,11.86,25.6194,18.4768,16.4316,-6.824,3.9913,9.247,3.6996,17.0966,24.5676,-3.0208,17.464,20.3456,-8.7744,-15.945,9.0555,5.1848,29.1734,20.2304,13.0192,16.0222,23.0588,8.021,3.075,0
-4.871,2.5375,24.5808,11.068,-3.7327,21.3855,-4.4511,3.4496,27.9664,1.0665,16.3175,16.6515,31.042,33.4501,10.912,-7.392,14.649,20.7781,12.1725,30.8856,32.1775,8.1402,45.6266,43.033,18.4416,33.5072,9,15.8438,21.2551,8.4736,38.8909,38.491,25.2728,43.6494,26.645,-2.304,13.7925,26.4293,21.2536,17.8392,-5.568,5.3299,8.6086,4.014,17.546,24.3996,-3.508,17.4944,20.1818,-8.772,-15.8966,9.108,5.1188,29.0374,20.0384,13.0232,16.0348,23.105,8.0168,3.075,0
-4.8995,2.24,24.0576,10.1392,-4.6257,21.309,-4.5248,3.5216,27.3376,1.062,16.6626,16.3635,30.656,33.0081,11.664,-7.406,13.2798,22.7653,14.1275,31.4928,31.4131,4.7886,40.3544,36.7954,15.9664,29.7764,1.265,14.3643,22,10.9984,39.3732,37.7947,24.3744,42.0676,25.7315,-4.867,10.4025,25.4262,21.1216,18.4236,-3.996,6.7743,10.3705,4.7892,19.7846,24.8244,-2.5552,17.8976,20.5508,-8.6304,-15.9362,9.072,5.0506,29.034,20.096,13.0152,16.0204,23.0714,8.0357,3.0775,0
-4.8935,2.2575,24.324,11.1856,-4.5193,21.403,-4.2289,3.1808,26.1872,0.8082,15.4913,17.331,31.437,33.7595,12.848,-7.546,10.8732,18.7081,5.0675,23.3528,25.3651,-5.6232,30.2006,26.2798,12.316,24.9836,-7.5025,10.3405,15.7678,2.2192,38.2714,37.5879,25.4112,45.7867,28,3.9374,20.1475,27.9511,29.0728,22.5912,1.204,12.5703,12.9136,5.046,19.9841,25.1652,-1.8904,18.3808,20.639,-8.4408,-15.4456,9.0645,5.1056,29.1292,20.2976,13.084,16.0324,23.0672,8.0511,3.1575,0
-4.736,2.43,25.2024,10.684,-4.5022,21.1755,-4.6018,2.856,26.4128,0.4266,15.8942,17.781,31.04,33.6116,11.824,-6.624,12.2928,14.8625,6.29,24.5892,23.1496,-7.0134,32.537,25.8566,12.4928,25.5692,-4.395,12.1181,17.242,3.6568,38.9322,36.9136,24.7472,45.2873,27.7405,4.351,18.415,27.4191,26.824,22.3776,1.9,14.0699,14.1526,5.2992,19.3814,24.768,-1.8136,18.568,21.0134,-8.5512,-15.8064,9.063,5.385,29.2907,20.1896,13.04,16.0672,23.3759,8.2058,3.1575,0
-4.6025,3.1,24.3288,10.2016,-4.4205,21.219,-4.6249,3.248,27.3504,0.7011,15.5559,18.09,31.908,33.8105,12.914,-5.536,13.347,16.5415,5.695,22.563,23.6704,-7.5531,32.708,28.4832,12.7232,25.7336,-1.32,14.3027,20.0071,7.4296,39.6385,37.886,25.236,45.6217,27.9425,3.5656,16.4,27.0131,27.0928,22.9956,2.302,15.0681,14.7364,5.3964,20.1752,24.6096,-1.7656,18.5712,20.9432,-8.5488,-15.78,9.057,5.4114,29.2652,20.1632,13.0776,16.0438,23.1701,8.0602,3.2375,0
-4.448,3.0075,24.7608,10.7032,-3.442,21.671,-3.7229,3.0608,26.248,0.4554,16.5402,18.8175,31.464,34.1624,12.446,-6.662,11.9904,16.9555,7.6425,22.4992,23.3449,-8.5401,33.32,28.8581,12.192,25.3076,-4.1175,12.7033,17.8725,4.4632,38.9441,36.9103,25.2808,45.5788,27.759,4.131,18.28,27.7404,28.4344,23.064,3.07,14.8565,14.9842,5.7336,20.1962,24.9612,-2.0704,18.2032,21.0188,-8.58,-15.8724,9.1365,5.352,29.272,20.1944,13.056,16.081,23.1407,8.0546,3.17,0
-4.7075,2.355,24.4344,10.9744,-4.2571,21.1245,-4.0188,3.5568,27.344,1.0719,17.5874,16.983,31.434,34.1148,11.306,-8.22,11.5746,18.2458,12.7,28.0476,23.8237,-3.519,36.5474,36.4504,16.5144,29.5376,-4.07,12.5867,21.7361,13,40.6822,40.7185,26.1296,43.2017,25.7235,-6.8954,10.6975,24.3909,14.6776,16.7916,-5.574,6.8042,12.46,7.6152,24.8834,26.8968,-1.4152,17.3584,20.279,-8.5512,-15.725,9.042,5.1474,29.204,20.0288,13.0176,16.0348,23.0882,8.0469,3.03,0
-4.676,2.5375,24.6552,10.3336,-4.3217,21.3925,-4.0034,3.4528,27.8416,0.8757,17.0451,16.653,31.192,34.9954,14.78,-5.724,13.0509,18.0595,4.865,22.783,23.2105,-5.7009,33.689,35.3878,18.752,35,5.71,12.4162,16.1981,0.1312,36.5263,33.2605,21.296,38.3012,24.55,-11.8432,1.645,23.2681,14.2672,16.5492,-4.518,7.4045,10.3327,4.1304,18.764,24.804,-3.1792,17.7504,20.6426,-8.6736,-15.8196,9.21,5.0968,29.0884,20.1752,13.0168,16.0282,23.0504,8.0063,3.0425,0
-4.9025,2.305,24.1632,10.2592,-4.5877,21.142,-4.4203,2.92,27.6864,0.9981,16.5929,16.2405,30.92,33.5487,12.974,-6.668,11.6628,17.1602,5.7375,22.8292,23.5066,-2.9331,36.6284,37.1864,18.5336,34.5464,4.7,11.3976,15.0671,-2.5064,35.9089,32.551,21.4904,38.3936,24.18,-13.205,0.4725,23.4347,17.4328,17.9424,-3.032,9.9943,11.7775,4.776,19.3142,25.4136,-2.5408,17.5328,20.4968,-8.76,-15.9494,9.1035,5.055,29.0459,20.1248,13.0288,16.0156,23.0756,8.0042,3.0875,0
-4.946,2.195,24.2208,10.9288,-3.993,21.5985,-3.6327,3.6416,27.9824,0.7992,16.5929,16.8675,31.599,34.6214,13.692,-6.536,12.1017,18.0204,6.6375,23.4738,23.7397,-4.8525,35.0624,36.4044,18.804,35,5.1425,12.2864,16.2332,-1.58,36.2631,33.2594,21.536,38.4497,24.5735,-12.0104,0.9875,23.5236,15.7984,17.3628,-3.762,8.7661,11.1643,4.1376,18.9551,25.158,-3.0856,17.696,20.6048,-8.868,-15.8262,9.1785,5.121,29.0595,20.0864,13.0032,16.0108,23.1029,8.0168,3.04,0
-4.688,2.465,24.3144,10.5064,-3.841,21.3065,-4.3268,2.8096,27.5824,0.9837,16.8071,16.7685,31.291,34.7047,13.36,-6.164,12.3915,17.7881,6.4925,23.1372,24.1009,-3.0864,36.722,37.8189,19.2488,35,4.2175,11.7309,15.838,-2.1752,35.9222,32.122,21.0712,37.7402,23.976,-13.0686,0.0725,23.7672,17.2288,17.9772,-2.7,9.716,10.9942,3.8352,18.5918,25.092,-2.9416,17.3904,20.477,-8.772,-15.692,9.111,5.1386,29.1377,20.2088,13.0352,16.0168,23.0399,8.0343,3.0575,0
-4.7915,2.555,24.2136,10.2592,-4.5915,21.068,-4.2751,3.5264,27.2576,0.9135,17.1437,16.242,30.493,33.4416,13.028,-7.208,11.2386,18.4229,10.4775,27.1434,26.9737,2.8818,42.4694,43.1411,19.2384,32.0132,1.145,12.7473,16.6232,-1.9448,35.5442,33.8908,22.1376,39.1977,23.991,-11.9664,6.965,25.0097,20.0104,18.3672,-3.636,7.8576,10.1773,5.1468,20.885,26.0604,-1.8448,18.0496,20.801,-8.736,-15.9472,9.093,5.1584,29.1921,20.0288,13.0176,16.015,23.1239,8.0273,3.12,0
-4.8365,2.2325,24.2904,10.9072,-3.7099,21.4315,-3.8956,3.0624,27.5056,0.9324,16.6524,15.7515,31.546,37.7868,19.608,3.14,25.2498,32.0021,23.38,37.8838,36.4237,8.9235,44.966,43.4562,19.184,34.6004,9,15.0474,17.7906,0.1816,36.0265,34.2549,21.3968,38.3232,24.2845,-11.9928,4.3725,24.1207,13.8904,15.1404,-8.024,3.6624,8.2537,3.5172,17.7749,24.03,-3.2152,17.4112,20.3276,-8.7408,-15.7272,9.1155,5.0506,29.1989,20.1272,13.0616,16.0456,23.1176,8.0385,3.0975,0
-4.697,2.26,24.78,10.5736,-3.4667,21.7645,-3.7306,2.9728,28.1072,1.233,16.4331,15.4035,31.254,37.1782,21.168,5.946,26.5161,32.5311,24.54,39.2918,38.7673,10.7463,45.9362,46,19.78,34.1708,7.3775,13.0487,14.7473,-3.2144,36.9127,36.0721,23.2248,39.3,24.2295,-14.0344,5.3525,24.5785,16.8352,16.782,-7.31,4.3087,8.7955,4.5144,19.4213,24.684,-2.9776,17.68,20.423,-8.9856,-15.5864,9.1905,5.1782,29.1139,20.1032,13.052,16.0294,23.1134,8.0511,3.135,0
-4.6415,2.4725,25.1184,11.056,-3.7517,21.371,-3.482,3.7584,28.2144,1.2384,16.5946,15.3885,31.499,36.8467,21.486,6.556,27.2049,32.7013,25.6125,39.9012,40,11.9496,46.7696,45.4503,19.2072,34.6688,8.1875,13.3963,14.7642,-1.8272,37.3089,35.4077,22.7048,39.4892,24.111,-15.3874,5.73,24.3216,14.7088,16.2744,-7.612,3.69,8.8753,4.7508,19.8308,24.4692,-2.6896,17.7504,20.3618,-8.772,-15.659,9.1365,5.3322,29.136,20.0432,13.0624,16.027,23.0546,8.0252,3.06,0
-4.496,2.735,25.1424,11.2936,-3.4914,21.402,-3.7504,3.9648,27.976,0.7578,15.6069,16.0335,31.705,37.5369,19.204,2.45,24.3867,32.0389,22.97,38.1742,40,11.6094,46.316,45.0823,19.2944,33.9032,3.8275,11.4647,13.5162,-0.836,37.2431,34.751,22.2792,39.1317,23.871,-15.7922,1.98,23.8078,15.052,17.1732,-6.472,4.8377,7.7938,4.5216,19.3625,24.606,-1.7224,18.0832,20.4662,-8.592,-15.9274,9.225,5.2442,29.0544,20.084,13.1352,16.0822,23.0315,8.0483,3.1275,0
-4.6535,2.8775,24.072,10.7296,-4.3559,21.43,-3.0882,4.1616,27.7008,0.3123,15.9775,17.073,32.274,38.8646,20.446,3.694,24.7941,31.848,22.27,38.9794,40,9.6333,43.5026,43.148,19.2528,34.316,6.115,12.15,12.861,-5.1848,36.0944,33.5135,21.8216,37.6819,23.5185,-16.2256,1.6825,23.9611,16.1944,16.7448,-6.77,4.012,8.6002,4.6572,18.7451,24.7848,-1.9744,17.952,20.8946,-8.2488,-15.6612,9.159,5.2134,29.0374,20.1248,13.0576,16.0336,23.0798,8.0301,3.075,0
-4.838,2.215,24.1392,11.104,-3.5712,21.4435,-3.8835,2.7904,26.7552,0.3537,16.8802,17.118,32.202,37.0592,18.232,-0.492,20.319,28.4417,20.65,37.4196,38.9353,12,46.361,44.6936,18.9264,32.474,0.2525,9.9412,15.1607,3.7672,37.4503,34.5145,22.988,39.6696,23.526,-15.5238,-0.0525,23.3227,17.0656,17.6028,-5.646,4.4812,7.3339,3.9336,18.3713,24.252,-2.7784,17.6192,20.4716,-8.7576,-15.6458,9.0435,5.1716,29.1938,20.1992,13.0464,16.0018,23.0483,8.0182,3.0675,0
-4.6565,2.9225,24.096,10.9,-4.1355,21.726,-2.5679,3.9008,27.2,1.4679,19.6053,20.037,34.091,39.48,20.97,4.426,26.0877,35.1255,28,40.7196,38.1436,10.6329,42.4712,34.8358,15.2848,27.1316,1.4525,14.5843,20.7169,8.2336,37.066,32.4509,21.3672,38.7324,24.522,-11.9136,2.345,24.4392,18.9376,18.348,-5.78,3.1288,7.7371,4.3776,19.7951,24.3312,-2.1688,18.0096,20.5562,-8.424,-15.747,9.096,5.0484,29.2074,20.3624,13.0448,16.0156,23.0609,8.0728,3.4075,0
-4.85,2.485,24.372,11.1736,-3.4059,21.5045,-3.2103,5.3136,30.3136,2.691,20.5114,20.3475,33.951,40.8417,23.906,6.936,30,35.3394,24.275,37.622,36.0982,9.5325,42.1436,37.0461,17.7272,33.1496,-0.2025,10.2888,17.1783,6.1648,38.2035,35.6585,23.2848,40.3912,23.865,-12.655,4.925,23.9373,16.7992,18.7812,-5.064,7.7242,9.6712,4.3548,21.0866,26.634,0.632,19.3968,21.3914,-8.5296,-15.7316,9.195,5.1606,29.1309,20.18,13.048,16.048,23.0399,8.0371,3.0475,0
-4.3865,3.0525,25.3752,10.312,-4.6523,21.5095,-3.8406,3.712,29.6832,2.0331,19.0341,19.9845,33.827,40.228,23.624,5.11,28.9962,36.5998,25.1775,38.1896,34.8781,8.2557,41.5406,37.8212,17.5584,32.6168,-0.8675,11.6924,20.5401,9.5368,37.8941,34.1867,22.9104,41.2646,24.454,-15.0222,4.1075,24.1949,13.9768,16.5432,-5.838,8.0393,10.5721,4.1652,21.6557,27.2784,0.4976,18.6992,21.197,-8.028,-15.7514,9.042,5.0792,29.1785,20.288,13.0696,16.0366,23.1281,8.021,3.195,0
-4.6745,2.85,24.9408,10.5664,-2.9461,21.582,-3.4622,3.6144,27.8352,1.5993,21.9343,21.1695,33.973,40.6326,23.018,6.146,29.6199,37,26.5175,38.5944,36.0226,8.766,40.1816,36.3745,18.196,32.8448,-1.9975,8.2879,15.5117,4.9072,38.0271,35.4605,22.9968,39.8291,23.79,-13.8716,4.325,24.3062,15.4072,17.8752,-4.518,7.6667,8.491,4.9272,20.5049,26.04,0.3896,19.2448,20.9108,-8.4624,-15.791,9.0465,5.2266,29.1326,20.1848,13.0752,16.0186,23.063,8.0091,3.1725,0
-4.433,2.795,25.0152,10.84,-1.6047,21.8175,-4.0243,3.3072,28.8464,1.8477,20.3295,19.677,33.686,38.6045,21.7,5.736,29.4519,37,27.6075,38.942,36.7303,10.0281,39.5246,32.2759,16.7568,31.1516,-0.0275,10.5022,16.2514,0.5944,37.3103,34.6498,23.1752,40.2834,24.157,-14.7208,2.28,23.6048,19.1656,18.8148,-3.702,9.2422,10.5973,3.7008,19.583,26.64,1.2752,18.7184,20.7614,-8.6112,-15.7954,9.069,5.0968,29.1326,20.2448,13.052,16.0366,23.1302,8.0301,3.1325,0
-4.4525,6.08,27.9264,13.4104,-2.853,21.653,-2.6768,5.6288,30.7872,3.3615,20.1714,15.5805,32.679,41.1749,22.408,4.514,26.535,29.8424,14.125,28.6262,30.7705,6.8445,43.9598,46,19.0096,31.5104,1.5225,10.5154,14.1246,-0.3056,36.8504,31.8503,21.1384,36.4411,24.7985,-1.9366,16.69,25.5179,14.4688,18.6324,-1.068,11.8964,11.998,5.4708,21.8048,26.0448,-0.1912,19.8672,21.8396,-8.6376,-15.5094,9.165,5.1562,29.3485,20.3936,13.0504,16.0468,23.1974,8.077,3.17,0
-4.718,2.925,26.2872,11.9776,-4.5269,21.244,-3.4336,5.1552,28.9968,1.6254,18.6363,17.2845,31.975,40.2348,24.596,5.614,25.6026,28.0806,13.5,26.1754,29.8108,6.8949,44.4728,46,18.7656,31.1564,1.4275,11.4273,15.2036,1.4824,36.9687,32.7512,21.3344,36.6468,24.9835,-1.2766,17.2975,25.4563,14.4136,18.228,-0.6,11.9102,12.124,5.4,21.8447,26.2632,0.704,19.7216,22.4588,-8.0448,-15.6854,9.1395,5.0726,29.1921,20.072,13.0456,16.054,23.1197,8.0476,3.06,0
-3.716,3.135,24.9168,10.4872,-4.2685,21.267,-2.646,6.976,30.5392,2.4759,19.6019,16.419,31.02,39.6823,23.474,3.398,23.8386,26.9536,12.4625,25.9862,30.1237,7.1637,44.5574,44.3992,19.4976,30.4964,-0.94,12.491,15.5611,2.86,37.3278,33.64,22.2232,38.1967,25.6525,-0.7002,18.4375,26.0968,16.3984,19.2096,-0.036,12.6784,13.4134,5.682,22.4831,27.3576,1.7408,20.2336,22.3868,-8.1408,-15.7184,9.258,5.3036,29.1343,20.0888,13.0408,16.1548,23.2142,8.0259,3.0925,0
-4.589,2.605,25.4904,11.344,-2.8549,21.4865,-2.9947,4.792,28.304,1.6272,19.0222,16.359,31.749,38.8204,20.374,4.624,28.0302,35.298,21.585,29.8186,29.7163,5.5992,42.959,42.2372,17.8264,30.6788,-1.6025,9.5606,13.5435,-0.3512,35.8655,33.2264,21.5536,36.8415,24.8625,-4.1454,11.0675,24.6429,15.3976,18.8928,-1.02,9.8425,10.5364,5.1132,20.5343,24.8748,-1.144,19.0752,21.3464,-8.8392,-15.439,9.1695,5.2376,29.1445,20.1128,13.0592,16.0624,23.3381,8.154,3.4325,0
-4.6475,2.7275,25.7976,11.2456,-4.5687,21.417,-4.2553,5.2032,30.6016,3.3066,20.0558,16.2555,31.912,40.568,22.704,3.608,24.7605,29.1685,14.2725,26.5208,27.4399,5.2674,43.9346,46,18.592,31.538,3.315,11.7364,15.4168,2.5552,37.4342,33.002,21.4488,37.2177,25.3015,-2.37,15.0575,24.5162,17.6824,20.9364,0.85,12.2943,12.0442,4.6704,20.7359,26.3352,0.1352,19.4352,21.6722,-8.5704,-15.4676,9.1245,5.0814,29.1615,20.252,13.024,16.0792,23.1428,8.0756,3.225,0
-4.811,3.2975,25.4904,11.2432,-2.9632,22.2935,-2.4656,5.3072,31.4656,3.8556,20.1255,16.8105,33.299,41.7019,23.924,9.502,30,35.3739,18.525,30.0892,29.5021,1.5672,41.7476,42.366,18.4872,32.228,4.2625,11.8233,12.0628,-4.772,38.4093,38.4382,22.3224,40.8323,27.2645,-1.204,11.0025,27.0992,24.9832,18.4392,-7.798,5.6841,12.7477,6.3744,21.3638,24.792,-2.8216,17.552,20.3096,-8.3112,-15.9406,9.312,5.1056,29.3383,20.3024,13.0176,16.0222,23.0714,8.0798,3.1925,0
-4.6205,4.02,25.2168,10.5856,-1.7244,22.9115,-0.8981,7.7328,31.4864,1.9773,19.5101,19.8345,35.582,43.7572,25.886,4.304,16.3752,18.6184,9.69,29.4578,30.088,-1.6731,31.574,35.5419,17.0704,32.2544,1.095,13.8165,19.4949,8.944,39.4544,36.5539,21.1304,39.0437,25.542,-6.4686,2.39,24.6093,19.6936,19.5996,-3.134,5.6565,10.5805,4.5528,18.9089,24.96,-2.6392,17.3168,20.2052,-8.6376,-15.813,9.267,5.1606,29.1343,20.0912,13.0928,16.0198,23.0819,8.0567,3.1325,0
-4.61,2.48,24.6096,10.1464,-4.3312,21.3505,-3.6107,3.728,28.4368,1.467,16.751,18.2805,31.542,36.471,15.88,-4.044,10.4679,17.2223,10.475,28.613,26.5558,-3.9537,36.5744,36.0525,16.8752,30.5876,0.3725,13.4403,22,9.3112,37.8563,35.8884,24.1352,40.6948,23.901,-15.2598,0.3375,24.3342,19.1464,17.5836,-3.462,9.5343,10.6393,3.978,17.7035,25.1196,-1.5568,17.4944,20.3744,-8.2368,-15.7096,9.177,5.264,29.0867,20.168,13.012,16.021,23.0168,8.0308,3.1925,0
-4.3115,3.0925,24.8328,11.0944,-4.8727,21.445,-3.0222,4.7856,28.5568,1.2672,19.5781,19.8885,34.545,41.8345,18.942,-5.538,13.5444,21.3623,10.2875,29.317,28.366,-4.002,40.547,43.6218,19.1344,32.0348,1.095,14.229,22,9.0688,37.7989,36.0347,26.4536,43.6703,24.9575,-13.5724,2.995,24.5127,25.4272,20.7384,-4.312,11.2777,12.8485,5.1684,17.7392,24.5676,-3.2272,17.6528,20.2934,-8.7888,-15.7338,9.1005,5.0704,29.1853,20.3936,13.1208,16.042,23.1785,8.0819,3.14,0
-4.9625,2.7725,24.4104,10.5472,-4.1754,21.612,-2.8583,4.6576,28.1888,1.287,16.6898,18.375,32.444,37.5063,16.078,-5.18,9.7707,17.8456,10.595,28.9518,26.5873,-4.8126,37.2998,38.7527,17.8176,31.5824,1.755,14.3676,22,7.456,37.3887,35.0887,24.8768,41.621,24.293,-14.9848,1.3675,24.6009,21.352,17.514,-5.198,9.7643,11.6431,4.8288,18.5666,24.7272,-2.3392,17.7136,20.6192,-8.8032,-15.7624,9.2235,5.1694,29.0612,20.2736,13.068,16.0606,23.0336,8.0196,3.035,0
-4.5635,3,25.8504,11.9416,-4.0101,21.5255,-4.8405,3.0784,28.0704,1.0314,16.6014,16.191,30.252,34.0247,12.09,-5.9,12.2676,20.187,12.46,28.8528,26.287,-6.0705,31.1744,29.5021,13.2,26.1512,-4.83,13.272,20.7468,7.7488,37.3362,33.7313,24.2976,42.9069,24.8235,-6.9416,14.8975,27.5318,26.248,18.9036,-4.416,4.5019,7,3,17,24,-4,17,20,-9,-16,9.084,5.5214,29.3468,20.12,13.1096,16.0984,23.1701,8.0973,3.2775,0
-4.7285,2.365,24.0624,10.3384,-4.2001,21.2365,-4.6029,3.1856,28.2368,0.9405,16.5368,16.0065,30.997,33.7952,10.692,-7.538,12.4146,22.3996,11.155,26.589,23.4289,-4.5816,32.753,28.2486,12.5976,25.3628,-5.785,12.0235,19.361,7.0192,37.8619,33.4354,23.7376,40.9269,24.1485,-9.883,10.2,26.9067,28.648,21.4248,-4.044,8.2164,10.7548,4.0776,18.1256,24.4488,-1.624,18.5296,20.5706,-8.6592,-15.8328,9.3345,5.561,29.2465,20.5592,13.0328,16.0108,23.1008,8.0623,3.2125,0
-4.2635,2.6975,25.4208,13.048,-1.6332,21.954,-2.5613,3.2288,27.9936,1.8252,16.6099,18.7455,32.209,37.4315,16.68,-3.354,14.838,20.8425,10.37,23.8038,25.8544,-0.9486,35.3414,35.443,16.1824,28.37,-2.65,10.8553,14.0791,-2.7056,36.8637,36.1029,24.464,42.2997,26.1775,-0.3614,16.2575,27.3232,25.9096,21.7464,4.016,14.0331,14.8456,6.3648,21.1622,26.9256,0.2936,19.7296,21.3716,-8.4288,-15.4104,9.1215,5.2838,29.2737,20.1512,13.0952,16.1164,23.294,8.2324,4.0975,1
-3.0305,7.8475,31.3416,20.2336,2.619,21.8955,-2.9617,2.088,29.0864,2.0079,19.9419,18.3885,33.136,37.6134,17.32,-2.088,18.2106,24.741,16.1375,28.217,23.7103,-4.8567,36.8066,38.0236,16.056,26.3552,-5.5925,11.545,15.8146,-0.9728,36.5998,33.6125,20.6904,37.5807,24.448,-6.9306,8.3125,25.3604,22.1272,20.0172,-1.794,9.2353,10.4713,5.3412,22.9031,26.6952,0.6104,19.4,21.197,-8.5368,-15.6568,9.543,5.462,29.2618,20.432,13.0104,16.0636,23.2667,8.1246,3.5775,1
-4.6985,3.0575,25.3296,11.8792,-3.822,21.4355,-3.6789,6.3312,27.9296,0.2511,18.8267,18.9225,31.77,38.3053,19.066,1.106,18.6936,22.7331,11.625,25.863,24.0295,-6.6333,33.6008,34.8887,15.0232,27.8984,-2.6175,10.6276,14.9072,-0.7808,36.7083,35.3329,23.7288,40.3714,24.097,-13.0048,1.5575,24.4756,20.8072,19.4364,-3.176,9.923,12.3823,5.3124,21.3302,26.1012,-1.9816,18.656,21.1538,-8.6328,-15.8218,9.2865,5.4004,29.272,20.696,13.072,16.1452,23.4704,8.133,3.24,1
-4.0565,4.6625,27.6624,12.9496,-2.2697,21.595,-4.0276,3.4512,29.3712,3.2373,24.2922,22.8075,35.127,41.1715,23.116,7.41,29.5506,35.4705,22.7925,36.2426,33.5068,-0.915,30.2078,24.1546,14.1736,26.4068,-10.415,7.1021,9.5304,-4.9256,35.3853,33.0801,21.9464,38.1516,24.3335,-14.052,1.6825,24.4161,17.3056,15.2724,-6.374,7.0825,10.2529,4.9512,18.4868,24.1548,-2.092,18.2192,20.2106,-8.8536,-15.4346,9.1335,5.5764,29.1836,20.3312,13.1496,16.138,23.1197,8.0791,3.3275,1
-4.4975,2.335,25.6704,12.832,-4.3388,21.59,-2.8572,4.5712,30.8576,3.9348,24.4061,23.6565,37.022,44.0139,24.734,4.782,27.1062,35.7534,24.955,37.4086,31.096,-2.5719,30.0134,23.5497,14.0432,28.8344,-3.4325,9.8422,12.7011,-6.6872,36.492,34.8742,22.6568,39.4232,24.819,-15.3412,3.585,24.274,17.356,16.9116,-7.848,5.1942,9.2806,3.9744,18.6464,24.5844,-2.9464,17.9376,20.666,-8.556,-15.3356,9.366,5.5104,29.1581,20.3816,13.1544,16.0192,23.7917,8.0882,3.39,1
-4.1195,5.025,27.0432,13.5952,-2.2716,21.2805,-4.0848,3.0752,28.1952,2.1168,20.4536,21.3855,35.201,40.3538,21.9,4.442,27.9819,34.9553,24.8075,36.9092,34.3846,1.9662,34.5746,30.2956,13.816,24.968,-11.635,7.0185,11.6624,-6.9824,35.9369,34.4144,22.7192,40.8851,25.523,-10.8092,3.2025,24.8431,20.6752,17.3196,-7.132,4.0189,8.638,3.8664,17.8505,24.6636,-1.4056,18.8224,21.3806,-8.364,-15.527,9.4965,5.2442,29.1496,20.3792,13.0976,16.0228,23.2121,8.1596,3.31,1
-4.757,2.6325,24.6288,10.9264,-3.7745,21.236,-3.8384,4.2208,26.9568,1.2006,20.0473,22.131,35.677,41.673,22.842,4.974,27.8979,37,27.225,39.8704,35.1385,5.6958,40.9592,36.7172,14.9688,24.1052,-14.7975,5.9636,10.352,-6.8864,36.2848,36.0732,23.1512,41.555,25.4165,-9.2758,4.7975,25.8203,21.8224,16.812,-7.51,6.2085,10.2592,3.4524,18.3356,24.5316,-3.3664,17.3568,20.3366,-8.8152,-15.6986,9.1065,5.1804,29.3944,20.4752,13.0592,16.021,23.21,8.0336,3.0475,1
-4.5395,3.3075,25.5672,11.2504,-3.8391,21.2885,-4.2685,3.0624,28.336,2.5128,21.5909,22.488,34.981,40.4524,21.214,4.678,26.283,35.0979,27.9375,41.8042,36.304,4.6458,39.764,34.1826,14.52,24.8516,-13.5275,5.3124,10.3104,-4.6736,35.8858,34.223,22.34,40.3978,24.83,-10.0216,10.5225,26.0618,17.368,19.0512,3.404,13.2304,10.9123,4.704,18.2369,24.6912,-2.3872,17.4304,20.441,-8.544,-15.8614,9.4815,5.4158,29.2329,20.6648,13.1216,16.0312,23.2541,8.0868,3.1375,1
-4.826,2.4475,25.0776,12.6304,-1.3653,21.462,-4.1629,3.7472,27.2112,0.9054,19.25,20.982,33.809,40.0801,22.33,2.928,25.8504,35.1784,27.58,41.1948,37.1566,8.4825,43.8968,41.4161,16.8816,28.8236,-5.1125,9.7377,14.7187,-1.8008,36.1224,34.3385,22.5576,38.5212,24.0655,-11.8366,7.0025,26.1185,21.772,18.258,-5.506,7.0963,11.6179,4.2672,18.2033,24.3684,-3.4312,17.752,20.1836,-8.8632,-15.9318,9.2445,5.2178,29.1428,20.648,13.2216,16.0582,23.1134,8.1036,3.23,1
-4.5035,3.0575,25.1376,11.9632,-3.4135,21.378,-4.5886,3.5376,26.8768,0.1737,16.5249,17.601,31.936,36.7651,16.626,0.04,22.356,30.3208,23.8325,39.206,35.9533,6.7647,42.5468,39.7854,16.9416,28.9352,-4.6725,9.5089,14.902,-1.1024,36.1973,34.5134,22.9536,40.1536,25.2345,-6.4906,10.79,26.2648,22.3432,20.106,-0.872,11.5376,15.1123,6.3624,19.6943,25.3404,-0.8728,18.2592,20.7848,-8.4624,-15.7074,9.117,5.3828,29.2992,20.0912,13.1032,16.0396,23.0924,8.0938,3.23,1
-4.358,3.3875,25.6992,11.4832,-2.6915,21.762,-3.3027,2.6256,26.976,0.1017,17.1335,18.7095,33.011,38.3699,19.04,0.784,22.8348,30.3599,22.005,39.0784,36.6736,7.7454,44.093,44.4291,18.844,30.3944,-5.6525,8.5959,13.0404,-4.8704,36.3569,35.9115,24,41.6221,25.597,-6.8382,9.585,26.0604,23.2648,20.3196,-1.6,10.6452,12.3844,6.0324,21.4877,26.1468,-1.576,17.8448,20.8154,-8.7168,-15.9802,9.213,5.3938,29.1343,20.144,13.1048,16.0534,23.1764,8.0791,3.1225,1
-4.1015,3.185,25.1952,10.9288,-3.0506,21.3865,-4.0617,2.7152,27.7504,0.3159,17.6894,18.0345,32.268,36.8093,17.638,-0.67,23.0427,33.8881,26.4025,40.6074,38.2024,10.2402,45.7598,42.7892,17.8616,29.9156,-5.595,9.5243,14.3898,-3.4424,36.0552,34.4859,22.5192,40.5452,24.997,-7.771,10.33,26.0933,24.3688,19.1172,-2.612,10.751,12.2353,6.18,20.6708,25.1184,-2.728,17.1296,20.6156,-8.6712,-15.9384,9.0195,5.011,29.3859,20.5016,13.0648,16.0702,23.2394,8.0784,3.25,1
-4.604,2.1775,24.8208,11.9032,-3.0183,21.3915,-3.4413,3.8816,26.7248,0.8505,16.9244,16.26,30.717,35.3456,15.266,-1.618,19.605,29.4353,22.805,38.4382,37.3939,10.7862,47,45.8413,19.66,33.3764,2.0375,11.3811,15.4532,0.7264,36.8553,33.6873,21.4144,38.7192,24.759,-8.7236,6.2725,24.6177,20.6032,19.2648,-1.518,13.2189,13.8481,5.3556,18.8144,26.0256,0.7784,18.9472,21.1304,-8.2248,-15.4434,9.321,5.5764,29.3009,20.0888,13.0544,16.0726,23.1617,8.0546,3.165,1
-4.685,2.3025,24.4872,12.4864,-1.8175,21.209,-4.2047,3.3248,26.7904,0.6174,16.9125,17.6115,32.71,37.2479,17.15,-0.004,21.6231,28.881,23.1675,39.8176,37.7026,10.6098,47,43.9346,18.7968,32.4404,3.22,13.4898,17.1484,-0.6776,35.4539,32.3178,21.328,38.8798,24.931,-8.2924,7.12,24.6114,20.8,19.8264,-0.312,12.2184,14.077,6.0216,21.4121,25.4172,-1.24,17.88,20.5274,-8.5608,-15.7712,9.1755,5.2222,29.1037,20.0744,13.0792,16.048,23.2247,8.1127,3.3325,1
-4.205,4.2125,28.7928,16.2496,1.1275,22.1235,-4.3213,5.6592,27.52,0.666,17.737,18.339,32.703,37.7205,18.532,-1.712,20.8755,29.9183,24.3675,40.3148,38.2591,12,46.1576,43.9323,18.6696,31.4636,0.335,9.9313,12.198,-6.152,35.0122,32.0934,21.208,38.6312,25.217,-5.9494,10.1025,26.1997,22.4248,18.48,-2.184,14.477,14.6272,4.6644,20.78,25.5588,-2.7448,18.3072,20.8442,-8.7264,-15.3422,9.366,5.4378,29.4369,20.1968,13.1208,16.1026,23.3066,8.0938,3.14,1
-4.319,3.18,25.6728,12.4504,-2.3457,21.7465,-3.3643,3.2336,27.8736,1.5075,19.7583,19.9845,34.012,39.3032,20.7,0.822,23.427,32.5035,25.985,40.1718,40,11.9412,45.3674,41.2114,17.364,29.3888,-7.07,7.7324,13.1093,-1.94,36.1966,32.8843,22.3496,41.7574,25.963,-5.0386,10.29,25.3653,20.716,17.6136,-5.652,9.0582,13.258,5.4444,19.4255,25.1028,-1.8832,17.3648,20.684,-8.6592,-15.6986,9.18,5.0924,29.4046,20.3096,13.0672,16.1308,23.6741,8.1078,3.1325,1
-4.5755,3.4975,25.5744,10.5496,-3.4059,21.8365,-3.7306,3.7568,28.192,1.5903,18.3915,19.3035,33.275,38.4073,18.338,0.072,21.978,32.4575,26.3325,40.6778,38.4775,10.845,43.9904,40.8779,17.6056,30.3848,-1.475,9.8994,13.8191,-4.0616,35.5295,32.8821,22.8624,40.3417,24.4335,-11.7178,8.0475,25.3198,22.0312,20.7204,-0.882,11.4203,11.872,4.74,19.1357,25.3332,-2.428,17.4336,20.4392,-8.5704,-15.7602,9.2205,5.374,29.2686,20.1104,13.0584,16.0324,23.0693,8.0315,3.1975,1
-4.829,2.555,24.6456,10.9216,-2.6877,22.031,-3.3621,3.4864,28.16,1.6191,19.2262,19.4595,33.672,39.4698,20.516,3.51,24.5442,33.0532,25.5825,41.0848,40,11.9622,45.0182,40.2339,17.0936,31.0928,2.0175,12.5031,16.1656,0.4936,36.7468,33.7863,20.8712,37.529,24.2755,-9.7378,6.045,24.4994,18.4384,17.5704,-4.292,9.6033,12.4516,5.31,19.6376,25.2036,-1.7176,18.936,21.3104,-8.5824,-15.5314,9.4035,5.3344,29.4369,20.2328,13.0328,16.03,23.3045,8.0721,3.0625,1
-4.379,3.09,25.0728,12.0256,-4.2039,21.6075,-2.7978,4.4256,27.3088,1.7775,18.9253,19.5375,33.938,40.585,21.744,3.22,24.5757,32.4138,24.14,37.4658,37.4884,8.6064,43.1336,42.5017,17.9472,30.7196,-2.215,8.8709,13.1184,-2.9696,35.4392,32.1352,22.5344,40.444,25.141,-7.0164,8.26,25.6187,22.2136,19.1928,-0.24,12.8095,12.9934,6.3696,22.0295,24.4428,-2.068,17.8656,20.3186,-8.844,-15.5116,9.0675,5.2992,29.1921,20.1272,13.132,16.0846,23.1617,8.1722,3.495,1
-4.859,2.8325,24.7344,10.9024,-2.5376,21.8975,-2.9001,4.7072,28.992,1.5525,18.7876,19.659,34.144,40.7669,20.738,0.214,22.5261,30.8498,23.41,39.4832,39.7711,12,44.75,42.8513,19.2592,33.4088,3.375,12.26,16.2995,-1.3616,35.6317,32.2804,20.876,36.4741,23.3095,-12.6968,4.3,25.2694,22.8448,18.5268,-5.178,6.9146,9.121,4.8144,19.9967,25.3164,-1.1848,18.5552,21.2654,-8.3256,-15.5248,9.2295,5.2464,29.4097,20.3936,13.044,16.0468,23.1155,8.0637,3.1675,1
-4.658,2.265,24.312,12.0208,-2.8777,21.753,-3.0464,3.5952,28.2848,2.0043,19.4557,19.6635,32.859,37.6372,17.51,-1.002,19.0065,28.3842,21.26,39.1444,38.6329,11.1894,45.4268,44.7189,20,34.346,6.0375,13.272,18.1884,3.3664,36.6999,33.761,21.7296,37.0648,23.6615,-14.0432,4.625,25.2708,22.4536,19.5672,-2.484,11.4042,13.2643,5.1348,20.2235,25.4388,-1.6984,18.224,21.1682,-8.2488,-15.593,9.147,5.3916,29.1309,20.1776,13.076,16.033,23.0945,8.0441,3.0975,1
-4.4555,3.195,24.7152,10.504,-2.3229,21.958,-3.5161,4.5808,28.7248,1.2996,18.3813,18.231,32.863,38.069,17.96,-1.282,20.2014,28.4992,20.4875,36.357,36.5959,9.1461,45.2252,44.6936,19.6288,35,7.8675,15.7195,20.6506,6.2704,37.8234,34.4716,22.02,38.1659,24.0945,-13.6274,0.7775,24.0486,17.212,17.7312,-6.356,5.4288,11.1433,5.0304,20.9501,25.4124,-2.1304,17.792,20.8856,-8.5344,-15.45,9.1725,5.418,29.0935,20.2304,13.04,16.0396,23.2394,8.0511,3.0825,1
-4.6085,2.665,24.5352,11.7976,-2.4084,21.7565,-3.5524,4.6464,28.9824,1.8117,19.913,20.475,33.51,37.9415,18.65,0.796,22.0977,29.8148,21.3225,37.8354,36.6316,9.1272,44.7446,45.0961,19.7728,33.9452,5.44,14.6778,19.036,2.7064,36.9848,34.146,22.4912,38.2726,23.5825,-16.593,2.255,24.736,16.9288,16.3236,-4.712,7.6759,10.9627,4.644,19.8896,24.3684,-3.1048,17.9696,20.7182,-8.5944,-15.703,9.333,5.385,29.2159,20.0528,13.0992,16.0324,23.0441,8.0196,3.0575,1
-4.481,3.2725,24.1896,10.5832,-4.1792,21.3675,-3.9682,3.8144,27.9648,1.3572,18.0753,18.585,32.947,36.8722,18.02,0.65,20.5206,27.3929,18.1025,34.8478,33.8764,7.569,45.7112,45.4963,19.7904,35,8.255,15.9516,19.7055,3.448,37.7394,36.3537,22.8208,37.7226,23.473,-13.4514,6.06,25.373,20.2456,18.534,-3.044,9.1548,11.3155,5.4828,20.4125,25.4592,-1.5688,18.1904,20.6948,-8.88,-15.6788,9.06,5.2684,29.1819,20.2688,13.0816,16.0312,23.0504,8.0553,3.0775,1
-4.757,2.1025,24.5736,11.0584,-3.803,21.4605,-3.4952,3.7248,28.4832,1.6011,18.6788,18.852,33.089,38.5093,18.786,0.67,21.5916,29.4744,21.2725,37.8024,37.7761,11.3028,47,45.7539,19.5008,33.7892,6.96,15.0408,19.1543,3.4432,36.6355,34.63,21.824,36.2332,23.5585,-13.0664,4.9325,24.9901,18.3784,18.258,-2.274,8.8558,10.9207,5.592,19.6838,24.9216,-1.432,18.5136,21.1448,-8.4552,-15.7184,9.2595,5.297,29.1938,20.1488,13.1256,16.0528,23.0756,8.0371,3.075,1
-4.6265,2.2975,24.6648,11.824,-2.6858,21.769,-3.6888,3.9664,29.3904,2.2779,19.8535,19.4415,33.341,39.2879,20.41,2.174,24.1956,31.4271,22.315,37.8156,37.8895,10.4187,45.857,45.6619,19.8208,35,8.74,14.9836,18.4978,2.8192,37.1283,35.0909,21.6632,37.0505,23.244,-13.9068,5.385,24.4378,16.8736,17.6784,-5.454,8.2739,12.2941,4.7568,18.4133,25.158,-0.4192,18.8048,20.8334,-8.5368,-15.692,9.0405,5.1496,29.255,20.0288,13.1064,16.0288,23.5124,8.0539,3.185,1
-4.595,2.4075,24.8184,10.5928,-3.4382,21.628,-3.5447,4.5344,29.2272,1.9098,18.757,18.5985,32.964,38.9037,20.19,1.024,22.8873,29.6492,19.3,34.9336,35.4031,8.5749,45.1442,45.6688,20,34.274,6.2925,13.9155,17.8764,2.3728,37.0107,34.6729,21.628,36.8778,23.4045,-13.645,5.565,24.7192,17.752,17.8944,-4.182,7.3723,11.3617,5.1204,19.3499,24.9348,-0.7744,18.536,21.0764,-8.208,-15.5666,9.2835,5.4488,29.1445,20.1032,13.0736,16.0828,23.1974,8.0735,3.2325,1
-4.418,2.81,25.6512,12.1552,-2.5927,21.7575,-2.6526,6.1808,30.5312,2.4462,21.1965,20.901,33.843,39.9509,20.728,-0.354,19.1535,27.4826,21.9475,35.3934,33.5278,9.1293,45.3926,44.4958,18.3072,33.302,7.1525,12.788,16.5127,1.516,37.1535,34.4419,21.1584,37.1506,23.91,-13.6582,1.5425,24.0066,17.7664,17.4468,-3.444,9.6217,9.7951,4.368,19.751,25.7196,-2.5024,17.16,20.1764,-8.6856,-15.6656,9.3825,5.1562,29.4471,20.1896,13.0888,16.0642,23.1428,8.0679,3.1675,1
-4.658,4.1325,26.4,11.0272,-2.8777,21.8255,-3.2433,5.3856,31.272,3.1653,20.661,20.4645,34.02,40.0427,20.392,3.146,26.6946,33.4948,23.86,38.5966,35.7979,8.9277,46.3556,46,19.4856,34.2908,6.675,12.8144,17.216,2.6008,36.4507,33.6917,21.3584,39.619,24.837,-11.8718,5.0325,24.7892,17.5408,17.328,-2.852,9.4055,7.6468,4.4856,20.8934,26.1036,-1.4104,18.1648,20.4356,-8.5416,-15.6502,9.258,5.4202,29.442,20.336,13.1,16.0696,23.1953,8.0084,3.09,1
-3.9275,4.1225,25.4088,10.5232,-3.3622,21.9005,-2.8924,5.0336,30.736,3.7674,23.2739,22.8735,35.959,43.6535,27.146,9.436,27.2553,34.0353,25.385,41.8284,37.858,8.1318,44.0714,40.3443,16.7144,29.5856,-1.8925,10.9466,15.2179,-0.3464,36.5886,33.8314,21.1824,37.9173,23.6145,-13.5064,3.5075,24.0052,17.0008,18.156,-4.532,5.8497,8.8249,5.5104,20.1479,24.8112,-1.8424,18.4832,21.1844,-8.7936,-15.5248,9.2295,5.2662,29.1632,20.4704,13.0336,16.0396,23.2079,8.0581,3.31,1
-4.6865,2.6525,24.288,11.8432,-2.9784,21.84,-1.6824,7.536,31.3024,3.7125,21.7031,17.001,34.622,48.949,28.274,6.584,23.6874,31.9975,24.9725,38.7022,37.732,10.8933,47,43.6425,18.2448,32.9852,0.255,10.0028,15.1516,-2.8616,35.9229,32.0758,20.3816,37.5433,23.917,-12.2744,2.1775,24.3384,21.1384,19.1328,-4.262,5.7485,12.5965,6.1044,19.9253,25.2996,-0.6808,19.1136,21.9242,-8.22,-15.3048,9.0855,5.3498,29.1445,20.8928,13.0808,16.0762,23.6048,8.0903,3.0575,1
-4.439,3.465,25.5072,11.2816,-4.5155,21.711,-2.7208,6.3744,30.912,2.3373,20.9211,20.9985,34.574,42.115,25.848,6.544,25.9827,34.6471,27.57,39.7604,37.669,10.6707,45.4196,41.2528,17.3744,30.5816,-3.8375,8.7268,15.2816,-1.8272,36.1525,32.3937,20.5944,37.661,23.953,-13.0026,3.2725,23.6622,19.7896,18.6072,-5.796,6.4109,13.0375,5.4564,19.2344,25.674,-1.444,17.8432,20.711,-8.5608,-15.2234,9.177,5.1386,29.4029,20.0768,13.0696,16.0744,23.2373,8.0686,3.315,1
-2.9435,5.065,27.324,13.5616,-1.6256,21.714,-3.0497,5.4576,28.608,1.8603,22.2369,23.226,37.131,43.9051,23.554,5.878,28.7022,34.5275,25.865,37.2304,35.716,7.7643,42.8888,38.2145,15.888,29.6864,-4.2575,11.204,14.8721,-2.9144,35.8788,33.5729,22.4416,39.3176,24.3765,-14.7098,3.3925,25.2092,21.6472,18.2832,-6.398,8.6534,14.1484,5.1036,18.4259,25.2744,-2.4568,17.8512,20.9558,-8.3472,-15.6238,9.177,5.2838,29.5848,20.156,13.0536,16.0132,23.1659,8.1022,3.1275,1
-4.3355,3.115,24.564,12.4192,-0.7212,22.3055,-2.7329,4.6688,28.8816,2.7747,21.4498,23.046,36.173,45.3314,26.784,8.032,30,34.4953,24.8825,37.3492,34.0276,6.9201,40.4696,30.383,13.6608,25.7348,-7.7275,8.1317,11.5337,-6.9896,34.7175,32.4982,21.7696,37.2364,23.8385,-14.7142,5.405,24.8368,18.3664,16.416,-6.794,9.5113,12.0085,3.306,21.1307,25.7796,-2.9584,18.0032,20.9234,-7.8648,-15.4544,9.411,5.451,29.2397,20.444,13.044,16.027,23.2415,8.1064,3.25,1
-3.275,4.9075,26.0784,10.8592,-4.5592,21.6335,-2.3413,6.2576,32.9536,4.8402,21.4872,16.4865,30.616,35.0515,17.814,-2.796,15.3861,19.5844,13.15,38.469,39.5317,0.828,30.098,27.9289,13.0784,26.4248,-11.9575,7.9139,14.9345,4.6048,35.9936,34.6256,24.296,43.2897,27.313,1.8034,18.62,29.3112,34.1848,22.3032,-3.38,5.0838,9.4717,6.2328,27.9494,29.0784,1.616,20.0848,21.9656,-7.7832,-15.4984,9.1485,5.143,29.1445,20.3984,13.088,16.114,23.2961,8.0476,3.215,1
-3.548,4.0525,25.5096,11.4592,-3.8277,21.6035,-3.9616,8.7568,35.1904,4.5225,20.9296,17.55,32.076,37.2479,18.448,0.624,14.1156,18.3332,7.77,38.3062,40,-0.4404,30.728,27.4344,13.9352,27.548,-8.7675,8.7961,13.9101,1.5112,35.6212,34.6685,23.8248,42.7276,26.3525,-0.775,17.39,28.4544,29.2912,21.3108,-3.476,6.5535,11.2399,5.6772,25.8641,27.6804,-0.8104,19.1584,21.9026,-7.8024,-15.5468,9.1095,5.1782,29.5151,20.456,13.1696,16.0756,23.4221,8.147,3.1025,1
-3.815,3.7675,24.8448,13.984,-2.473,21.113,-4.1519,6.2848,35.0624,5.9481,23.5034,18.8745,31.65,39.3899,19.03,-0.842,16.0686,23.2,16.3125,39.822,39.8719,-1.2531,30.8216,23.5704,13.8544,27.7772,-10.3525,10.7717,17.9674,8.9584,37.0282,35.1151,24.6048,44.8473,26.9815,-1.2172,16.64,28.7036,31.2424,22.2408,0.108,13.8767,16.4038,7.4664,26.8553,28.6068,-2.1568,19.3472,21.3986,-7.8744,-15.5754,9.447,5.858,29.4998,20.42,13.1992,16.0846,23.1533,8.0175,3.2525,1
-3.3755,4.675,24.6168,12.0088,-3.5788,21.5625,-1.3458,9.344,34.8416,5.3694,24.0168,18.3765,32.402,36.5713,23.292,3.264,12.5154,15.9251,13.8275,39.1796,35.7832,-1.2048,32.0654,26.7053,13.6688,26.4164,-10.4725,11.7474,16.5491,5.62,36.6775,35.7333,26.2328,45.5733,28,3.2664,22.465,29.5121,30.5536,20.7492,-4.826,7.6368,10.5049,6.4464,26.1854,27.7164,-0.2128,17.8848,20.6012,-8.4984,-15.6216,9.27,5.242,29.3978,20.6624,13.0256,16.0504,23.2562,8.0574,3.3575,1
-4.859,3.5275,26.7264,12.8872,-4.2343,21.6135,-2.2555,9.3056,36.5392,4.5711,20.695,16.251,33.004,38.7269,17.538,-2.344,11.6187,17.1349,9.695,40.2136,39.5359,-2.2044,32.4992,27.3102,12.708,27.1316,-8.6175,11.4988,14.9332,6.6016,35.3783,34.069,24.9696,45.5491,27.3105,3.636,19.8175,29.636,29.1304,20.3232,1.326,11.7607,10.2697,4.7388,22.5902,26.1672,0.0776,21.0944,22.0322,-8.5176,-14.944,9.351,5.385,29.5984,20.3792,13.2608,16.1206,23.3528,8.1715,3.385,1
-3.368,5.195,26.2224,12.9616,-2.5756,21.8655,-2.8572,8.8192,36.9248,5.1849,23.0461,18.543,31.023,36.9368,19.426,-0.682,11.9715,15.9527,11.1425,39.8154,38.5552,1.1976,31.4228,26.6892,14.1896,29.7308,-6.865,11.7529,16.111,9.3376,37.9466,36.9873,24.0688,42.8783,27.2485,1.4932,20.05,29.3952,31.5112,20.8584,-1.552,13.2787,16.6306,8.3892,28.7936,29.166,-1.732,18.2704,20.4932,-8.6304,-15.692,9.6825,5.4686,29.1394,20.2976,13.1336,16.0618,23.4305,8.1246,3.4675,1
-4.355,4.255,25.9992,11.9512,-4.6865,21.1385,-4.3741,5.2912,32.2192,6.3954,27.4814,22.5495,33,35.3167,15.534,-2.526,14.2647,19.7661,11.23,30.7162,32.7067,8.7534,46.5302,46,17.332,29.3876,-5.94,8.7884,14.5107,-0.9632,37.0751,32.2782,23.4688,43.2083,26.086,-7.3794,9.295,25.5487,23.9728,20.2404,-3.072,12.9176,15.7255,5.1888,20.1227,24.1656,-1.2064,20.2832,21.9242,-8.5224,-15.5424,9.264,5.4334,29.357,20.3384,13.0392,16.0162,23.3402,8.0413,3.0525,1
-3.9035,5.1225,27.996,13.5904,-2.2583,22.385,-2.1895,4.7392,26.7456,1.0026,17.9563,19.74,33.249,35.6788,14.062,-4.84,12.7716,19.5706,12.0225,23.982,24.4684,4.8012,46.5212,45.4411,18.4632,30.8252,-3.7125,10.8993,18.9437,1.6,37.5707,35.6409,23.328,38.0966,23.1115,-7.7182,12.74,24.7381,17.8816,18.2748,-3.326,13.2649,13.6738,3.9684,19.5032,26.5608,3.7784,21.712,22.6532,-8.4936,-15.2058,9.666,5.506,29.493,20.3384,13.1288,16.1062,23.4074,8.1449,3.1425,1
-4.754,3.5675,25.7712,11.4592,-4.5573,21.524,-3.5282,3.0304,28.4352,0.702,18.0447,19.0215,31.788,33.7663,13.96,-3.532,16.8708,19.9478,12.2,27.7176,30.7726,1.9851,38.8442,38.9942,17.0816,31.1084,5.2475,13.8275,17.5319,9.6184,38.6585,36.9059,22.4944,40.1393,24.4005,-15.075,7.2975,25.9659,17.3224,19.4916,0.254,6.7122,12.2374,6.8424,21.7565,25.3752,-2.8576,18.5088,21.4832,-8.5896,-15.4632,9.387,5.3146,29.3842,20.4488,13.148,16.066,23.1974,8.0546,3.28,1
-4.382,4.8375,25.2432,10.5568,-3.7726,21.562,-3.0343,5.8512,30.2912,1.8522,17.6282,19.0065,33.141,36.9368,17.062,0.158,18.7419,18.2757,14.185,28.9738,30.34,1.0506,36.7976,37.0599,16.0728,28.5272,2.1075,14.8857,20.4738,11.0824,39.6035,37.6363,21.696,39.1526,25.0165,-10.8334,6.7175,25.485,19.108,16.7184,2.738,17.7913,19.2346,8.1432,27.2774,30.9324,6.356,21.224,23.2292,-7.1472,-14.2444,9.564,5.3146,29.4624,20.3048,13.1328,16.057,23.4725,8.0686,3.2125,1
-3.9395,5.13,27.4728,13.9456,-1.7833,21.422,-4.2135,3.5152,28.5328,1.1223,18.978,17.646,32.284,37.2955,19.45,1.086,20.3106,22.6158,14.4575,33.1142,34.6744,7.0524,39.2798,37.3911,17.356,31.5572,2.9175,13.8847,20.0201,11.2936,40.6591,39.7945,23.4896,40.4528,25.476,-13.2336,8.13,25.6341,19.8184,15.5124,1.662,18.9896,16.0048,6.6756,29.2535,30.8304,2.312,18.9136,21.7694,-8.1024,-15.3598,9.234,5.4334,29.2295,20.3048,13.1104,16.0798,23.2751,8.1078,3.545,1
-4.211,3.4075,26.9256,12.8944,-4.5326,21.511,-4.4071,2.7024,29.6656,1.4688,19.3248,19.2105,33.011,37.7137,16.048,-5.43,15.111,17.0268,5.8775,27.4888,30.6802,4.3959,40.7954,39.9832,17.2272,29.5076,1.1925,13.0575,19.0438,8.7496,40.1509,41.0188,25.364,42.7012,26.7525,-6.495,3.165,25.6243,22.0624,17.5272,2.772,15.9444,12.4117,9.294,29.9129,30.1476,4.124,19.3984,20.9828,-8.352,-15.164,9.5085,5.3278,29.5695,20.9024,13.1392,16.0792,23.2163,8.2548,3.52,1
-4.226,4.36,25.4928,10.996,-3.1095,22.2155,-3.0453,5.2288,30.1776,1.1646,19.4982,19.167,34.432,38.2424,14.07,-4.472,15.8292,17.5328,9.96,27.7176,29.8927,5.8092,41.8574,38.6722,16.08,29.3696,-0.6725,14.2268,20.7403,9.6568,40.7592,41.0848,25.7056,43.5878,26.655,-7.9052,2.95,24.2733,16.3144,18.552,4.87,21.9658,18.2371,8.2836,30.5408,31.4568,3.2384,19.2064,20.6552,-8.148,-14.9968,9.648,5.6028,29.2584,20.288,13.1032,16.012,23.2289,8.0518,3.195,1
-4.5515,3.72,26.3808,12.4504,-3.48,21.3145,-4.857,3.3008,28.8176,0.8982,15.8891,16.356,32.655,37.2683,17.04,-2.216,17.3202,19.6327,8.8875,26.699,25.5352,0.8658,38.9612,33.4236,15.5712,28.604,-4.4475,12.6868,18.9138,5.86,39.1674,39.1906,26.3416,41.7497,24.9835,-10.3076,2.2725,24.6856,17.272,16.9176,2.314,17.8189,15.9061,8.4804,29.096,30.3516,3.8888,19.0528,21.2564,-8.1984,-15.2476,9.6885,5.6094,29.2924,20.2088,13.0368,16.1218,23.273,8.0805,3.0375,1
-3.9185,5.935,26.6688,12.604,-3.7346,21.9,-3.7812,6.4704,28.2528,0.7155,19.3078,20.88,33.375,34.737,13.778,-3.384,13.7922,19.0071,7.6325,31.3674,30.2182,4.2258,44.1866,38.5388,16.66,30.3692,6.0225,14.2125,14.0297,1.1224,37.8185,35.6651,21.2272,41.445,26.4915,-1.3602,13.1175,26.409,26.236,20.3196,1.5,16.9725,18.0271,4.6308,25.9628,29.3304,1.2632,18.44,22.16,-7.4928,-15.4852,9.4635,5.2794,29.1394,20.6744,13.0936,16.0552,23.3087,8.1099,3.3225,1
-3.4685,4.075,25.3848,11.5048,-3.7935,21.664,-3.9132,4.8592,27.9184,1.2321,19.2653,18.9465,32.796,37.0609,17.646,-3.742,17.3076,18.8139,11.045,27.359,25.6864,-2.9373,35.498,28.9018,15.2848,28.5092,-4.195,13.0058,18.8683,4.7896,39.2598,38.3326,23.9224,42.5582,26.276,-8.1692,1.97,25.2715,20.4568,16.6248,1.218,21.3724,22.7857,9.6096,29.3018,32.7504,9.2528,22.3424,22.8944,-7.86,-13.7912,10.0635,5.6974,29.5253,20.6048,13.0696,16.1062,23.4494,8.1589,3.265,1
-4.019,3.6225,25.7688,12.7168,-0.2842,21.6285,-3.0233,3.5824,29.936,3.0798,18.6176,17.0655,34.032,41.6628,14.796,-1.338,21.5034,27.2756,23.44,39.437,30.0208,4.3833,44.075,38.4077,18.2048,33.5,4.75,12.5856,13.3836,4.372,38.9966,40.0222,25.3256,41.7794,24.48,-15.4512,1.425,25.7587,27.4672,19.2252,-1.152,14.0584,16.6642,7.9968,28.4198,30.7788,3.668,20.9744,22.3382,-7.02,-15.4654,9.315,5.7942,29.4063,21.0728,13.3152,16.213,23.924,8.1701,3.245,1
-3.932,4.2525,27.0624,13.5928,-2.5604,21.5825,-3.5865,4.6944,28.928,1.9143,19.9147,20.9775,34.576,41.8957,20.054,-6.14,14.4159,21.3071,9.8625,33.6092,37.8118,6.6282,38.3384,29.4653,13.4184,30.9284,2.94,10.6342,15.1113,2.1496,37.0429,32.4036,20.6768,37.0197,23.1565,-14.8044,3.4525,24.1102,20.2024,17.6496,-6.09,9.6585,13.7263,4.6968,18.3209,24.8808,-2.068,17.9728,21.017,-8.3136,-15.6612,9.231,5.3432,29.0918,20.072,13.0384,16.0522,23.2121,8.0665,3.17,1
-4.6895,3.3375,24.8016,11.9632,-3.594,21.162,-3.9902,3.712,28.4848,1.1106,18.0532,17.6805,31.247,36.3809,16.74,-2.02,12.4587,19.2118,11.0475,31.7832,36.1339,12,44.6618,38.8447,17.0392,29.8856,-1.7325,11.5736,14.5913,-6.0608,34.7,33.4717,21.8464,40.3747,24.6585,-13.2028,2.5725,24.5176,17.7208,17.568,-1.652,7.6529,8.6338,4.11,22.0148,28.08,2.2256,18.7632,21.6398,-7.8912,-15.6238,9.0495,5.11,29.323,20.2472,13.0968,16.0252,23.189,8.049,3.2475,1
-4.6865,2.695,24.276,11.068,-4.1887,21.383,-3.3962,4.288,29.0304,1.6677,17.9716,17.334,31.476,34.3426,15.168,-2.346,19.0464,26.328,18.48,37.4064,38.4544,12,45.344,40.1005,16.4456,26.8064,-12.7625,5.6578,12.5386,-2.3216,36.3051,36.3405,23.1488,38.0295,23.171,-11.5242,8.5925,25.4598,19.3696,17.112,-5.802,4.9918,8.239,3.9756,18.0332,24.5004,-2.812,17.5872,20.207,-8.7168,-15.7074,9.144,5.0308,29.0833,20.0936,13.0232,16.0468,23.0987,8.0147,3.0275,1
-4.6535,2.7875,24.408,10.5424,-4.221,21.058,-4.7547,3.288,29.784,2.2149,18.8165,17.28,31.732,37.2683,18.76,1.19,23.322,28.1772,20.0075,38.557,39.8341,12,43.3694,35.4798,15.1616,29.2148,-1.875,8.3462,11.4453,-1.496,35.6002,34.8984,23.3496,38.6378,23.9235,-8.728,9.8275,25.5382,19.0456,17.244,-6.908,8.3797,11.1811,4.32,18.4364,24.3636,-2.3824,18.256,20.819,-8.4096,-15.6678,9.1875,5.0792,29.2091,20.1032,13.0912,16.0312,23.1911,8.0056,3.23,1
-4.8035,2.5025,24.108,10.5208,-4.563,21.2405,-4.1838,2.5328,28.1904,1.8711,18.9015,17.985,31.184,35.2147,15.898,0.686,23.385,32.2229,23.55,36.038,34.4392,7.6278,43.5026,34.2654,13.5472,26.5088,-0.3625,14.4006,20.6558,7.7704,37.6176,36.324,23.2304,39.7521,24.4245,-11.8234,5.7475,26.1094,23.3752,18.9768,-6.61,6.8387,14.7742,6.6864,18.9845,25.854,-0.6544,18.2352,21.107,-8.448,-15.7558,9.252,5.1892,29.0765,20.1488,13.052,16.018,23.1386,8.0203,3.1325,1
-4.6505,2.985,24.9984,11.3128,-3.1133,21.7575,-3.1586,4.4208,28.7568,1.8702,17.1063,15.354,31.771,37.2955,19.98,3.414,25.0755,33.5155,27.5125,42,40,11.9832,45.3206,38.6469,16.0824,28.6592,-3.55,11.8156,18.3223,4.1584,36.4878,34.1867,23.4528,40.1701,24.2105,-14.9232,-0.1225,23.5908,14.0464,16.356,-4.91,7.4551,8.7514,4.8024,20.5175,25.2696,-1.3336,18.3584,21.0728,-8.5176,-15.8438,9.156,5.1364,29.0442,20.06,13.0488,16.0228,23.2121,8.0546,3.015,1
-4.8245,2.1725,24.6696,11.3992,-3.2615,21.6335,-3.2653,5.0832,29.7776,1.9521,17.006,16.131,32.782,38.3886,20.186,3.184,23.8491,31.3236,23.8925,38.9046,39.1915,11.6598,44.669,37.7269,16.0536,29.474,1.335,14.3357,19.6769,3.3088,36.065,34.0338,22.308,38.0823,23.723,-14.899,1.22,23.5852,15.1456,16.8564,-4.364,8.1175,9.1735,5.0652,21.2357,26.1444,-1.3312,17.6368,20.549,-8.7984,-15.9142,9.0795,5.0638,29.034,20.0312,13.0232,16.012,23.1302,8.0182,3.13,1
-4.6835,2.32,24.036,11.08,-3.6491,21.7815,-3.3302,3.9296,28.6656,1.2105,16.3345,15.5505,31.227,36.4438,18.56,2.244,24.6135,32.699,25.515,41.1266,38.2402,10.194,43.1318,34.8082,14.7512,26.948,-9.5725,9.0535,16.4945,3.856,37.2291,34.9765,23.5472,40.2504,24.5465,-12.2964,1.78,23.9702,16.6552,16.1952,-5.712,7.3746,9.7573,5.1312,21.2,24.918,-2.2552,18.1984,20.8082,-8.6784,-15.6172,9.1755,5.0506,29.0799,20.1176,13.0248,16.0144,23.0819,8.0357,3.0375,1
-4.9295,2.1475,24.192,11.3296,-3.3223,21.639,-3.1586,4.1968,30.6752,3.1221,20.5505,19.8945,32.301,34.1301,14.204,-5.198,13.0488,17.8479,6.07,21.9844,22.2697,-2.0889,38.4824,38.502,18.3248,33.7256,7.4875,15.4423,20.752,10.9624,40.1796,39.8946,25.744,43.392,26.2235,-1.8662,14.6025,26.4552,22.9456,20.088,0.092,13.1016,16.0783,8.9052,26.891,27.8352,1.3784,19.8896,21.782,-8.3976,-15.7162,9.1425,5.2772,29.1173,20.0936,13.0544,16.036,23.0945,8.0014,3.0725,1
-4.6985,2.445,24.6576,10.5568,-3.6244,21.4165,-3.6448,4.0768,29.336,2.448,18.7196,19.5555,32.959,35.5003,11.812,-6.78,12.78,19.014,8.065,23.3132,20.0941,-4.4997,36.7994,36.6689,17.5408,32.0912,5.9675,14.966,20.0864,10.8088,40.7599,41.2366,26.2192,43.3073,26.302,-1.8552,16.345,27.1524,26.8576,22.4676,2.682,13.4121,17.3131,9.9144,27.5273,28.8504,3.4952,20.5712,21.953,-8.0064,-15.4434,9.1965,5.1078,29.1768,20.2448,13.0736,16.0498,23.042,8.0336,3.09,1
-4.8395,3.1325,24.6936,11.7112,-2.9575,21.5095,-3.2334,5.3904,30.8976,2.6424,20.2768,20.1465,32.456,35.2079,12.368,-5.84,14.7456,21.5302,8.86,22.772,20.2096,-6.3939,34.8302,33.0211,16.5872,32.39,7.13,15.2839,21.1524,13,40.5156,40.3258,26.084,43.744,26.7695,0.578,18.1825,27.1685,24.3544,20.808,-0.32,12.0942,17.1577,9.4548,26.4185,27.2088,-0.3016,19.1744,21.6938,-8.3736,-15.8262,9.246,5.264,29.1921,20.0504,13.0776,16.0432,23.126,8.0119,3.09,1
-4.6475,2.55,24.4008,11.2384,-3.5826,21.5605,-3.6162,4.7472,30.9184,2.8791,20.0082,18.726,32.51,35.0702,12.826,-3.962,16.6335,22.9401,10.45,24.8818,22.4104,-6.1797,32.6828,31.7193,16.6168,32.054,5.015,14.4017,20.7468,13,40.7522,39.7032,25.1296,42.5846,26.4175,0.0962,19.21,28.1982,28.108,21.8496,-0.134,10.7303,14.9695,8.94,26.1833,26.8848,-1.2928,19.6464,21.6794,-8.46,-15.5292,9.3315,5.3344,29.1411,20.1392,13.0184,16.0342,23.1092,8.0189,3.0525,1
-4.613,3.0825,25.3128,11.6344,-3.5104,21.625,-3.5744,4.7664,30.4704,2.6586,19.2602,18.9015,32.249,35.5955,12.54,-7.614,12.7674,19.0255,7.115,21.628,20.3125,-3.9999,37.6832,37.6556,18.0248,33.7508,8.8525,15.9527,21.1264,11.4256,40.1978,39.459,25.492,43.029,26.189,-2.4162,13.9575,26.1955,20.5096,19.9896,-0.35,12.2713,15.8221,8.4684,25.3055,27.5592,1.028,19.4928,21.5912,-8.364,-15.7338,9.1365,5.1364,29.0323,20.108,13.0632,16.0186,23.1323,8.0336,3.125,1
-4.5425,2.9075,24.5136,10.5448,-4.1336,21.3325,-3.9671,3.5552,30.056,2.8143,18.7264,18.9315,32.419,35.7043,12.318,-7.526,10.8606,18.0365,7.395,23.388,20.0752,-5.2095,36.2702,36.1031,17.2616,31.9688,5.3575,14.9935,20.2684,10.3408,40.3455,40.3742,25.7632,42.82,26.1265,-1.9344,17.3425,27.3967,26.74,22.3428,2.194,14.4195,17.5567,9.9264,29.4047,29.7636,5.3048,21.4464,22.5686,-7.9824,-15.4038,9.3,5.154,29.119,20.2064,13.0712,16.0444,23.0882,8.0385,3.0525,1
-4.6745,2.38,24.8304,10.8304,-4.0804,21.263,-4.1497,3.3792,28.3216,1.899,18.9831,18.1305,31.645,34.8713,13.3,-6.066,15.1614,22.5307,13.7725,29.1542,29.7436,4.6521,42.8906,42.5293,19.2832,33.6944,4.4725,12.4569,15.9784,1.4968,37.9557,37.3239,24.2,40.6805,24.665,-11.8718,2.6275,24.1536,19.4656,19.476,-0.066,12.5059,14.8603,6.6252,21.3449,26.148,0.0536,19.1456,21.3842,-8.4672,-15.549,9.1845,5.1474,29.0187,20.0624,13.0392,16.0174,23.0462,8.0154,3.08,1
-4.892,2.0675,24.2136,10.1464,-4.202,21.4325,-3.6998,3.5984,29.1616,2.0862,19.2024,19.32,32.126,33.2036,12.388,-4.384,17.8641,26.1417,17.6425,33.5366,33.1813,7.5333,45.1532,45.6044,20,33.152,-0.8625,8.3396,9.1872,-4.9376,37.0345,36.4098,24.3272,42.5571,25.624,-8.6906,4.9225,24.204,17.5072,18.9,-3.85,8.5729,12.6826,5.7876,20.6204,25.7484,-1.18,18.3888,20.7056,-8.6856,-15.7976,9.117,5.1562,29.1377,20.0816,13.0512,16.0222,23.0756,8.0084,3.0925,1
-4.7555,2.495,24.4848,10.9264,-3.5712,21.722,-3.3643,4.3744,29.9072,2.5398,21.2747,20.625,33.927,37.6236,12.17,-7.722,16.2366,26.5143,19.175,36.0072,35.5774,8.3544,44.6546,41.0228,17.712,29.8376,-8.73,10.0996,17.3317,6.772,39.6483,40.262,28,46.4896,26.3775,-8.409,2.1225,25.5403,28.2544,24.7392,6.328,15.4591,12.4894,5.0676,22.9094,27.3168,0.764,19.4032,22.1942,-7.8168,-15.9406,9.1155,5.0572,29.0527,20.1992,13.016,16.0504,23.2268,8.0581,3.0825,1
-4.6685,2.1625,24.3936,11.1688,-4.0139,21.4245,-4.1068,4.9328,29.5648,1.629,19.3333,19.476,32.624,35.2181,11.336,-4.668,17.9754,28.4693,22.455,36.9092,36.0079,8.8353,45.992,44.735,19.724,32.654,-3.5775,9.356,14.0128,2.3776,39.1163,40.4039,27.54,45.5986,26.3365,-6.6732,2.865,24.2236,21.6568,21.2496,1.354,11.5146,11.704,3.9792,17.8295,24.942,-1.4752,18.6544,21.3752,-8.4816,-15.6326,9.1335,5.1122,29.0255,20.18,13.0464,16.0096,23.147,8.0518,3.095,1
-4.3835,2.6925,25.4496,11.26,-4.0709,21.1925,-4.3279,3.7872,27.9792,2.07,17.329,17.0025,32.137,34.5942,11.55,-7.608,10.8963,15.5847,8.1775,26.545,24.9556,-1.9587,35.5196,30.3646,14.7616,27.2744,-6.27,12.2842,21.0302,13,39.9696,37.9267,24.2,40.4132,24.4505,-12.5846,7.39,26.3593,27.7528,22.4952,0.946,11.0316,12.5902,6.7644,25.9922,29.1144,4.4264,20.9328,22.2662,-8.2152,-15.6018,9.3255,5.0836,29.0323,20.156,13.1056,16.0648,23.105,8.0595,3.11,1
-4.7945,2.7425,24.2784,10.1968,-4.5421,21.1265,-4.6931,2.208,26.7824,0.7866,16.87,16.626,31.094,33.7391,11.202,-8.188,11.7573,20.3434,12.15,31.5918,31.201,3.9801,39.575,33.6697,16.3392,31.8404,6.7225,16,19.7211,2.0584,36.3443,31.9647,21.28,40.5859,26.288,-0.742,18.9075,28.2451,29.308,20.6556,-4.29,6.9192,12.7288,7.8192,25.6625,28.164,2.5736,19.864,21.6596,-8.3376,-15.6282,9.1215,5.088,29.0425,20.0864,13.0464,16.0402,23.0735,8.0301,3.0825,1
-4.9775,2.465,24.6936,10.468,-4.0215,21.4085,-3.8945,2.1984,27.8688,1.3284,18.6006,18.8625,32.354,34.2678,10.184,-6.098,16.7385,24.6858,16.545,33.772,34.582,8.3397,44.4962,42.32,19.1592,34.934,9,15.6139,20.3711,4.0168,35.5288,34.2395,22.916,41.5132,26.9215,3.5942,19.4875,27.3449,23.8312,18.6048,-3.652,8.1543,13.5961,7.4316,23.2706,26.6712,-1.9624,17.5744,20.5202,-8.7072,-15.901,9.162,5.165,29.1513,20.0864,13.0232,16.0078,23.021,8.0224,3.1175,1
-4.805,2.3,25.0464,11.4976,-4.1868,21.1745,-4.5776,2.7136,28.1088,1.2375,18.4442,18.5835,32.112,34.4548,11.484,-6.934,15.4092,23.4668,16.665,33.0526,32.9923,6.3993,41.8448,39.1322,18.2064,33.9644,8.91,16,20.5453,4.804,35.8949,32.9206,22.1672,41.3383,26.592,1.0598,17.84,27.5472,24.2992,19.1784,-1.984,10.3163,14.4004,7.3908,22.9766,26.0568,-2.3344,17.4848,20.5256,-8.7216,-15.9472,9.126,5.22,29.0306,20.084,13.0464,16.0066,23.0189,8.0231,3.065,1
-4.799,2.43,24.4272,10.8712,-4.1564,21.372,-4.12,2.7296,26.5888,1.125,19.0885,18.4875,32.523,34.5024,11.338,-7.8,13.9413,21.5486,14.04,31.3674,32.6668,7.3653,43.3604,40.9078,18.8696,34.1852,7.635,14.5095,18.386,0.64,34.9499,34.2461,23.772,42.6396,27.0415,4.714,21,27.4877,23.2624,18.2424,-3.716,10.6866,16.1035,8.4504,25.316,27.03,-1.3984,17.5952,20.5148,-8.7624,-15.8988,9.141,5.1056,29.0799,20.0384,13.0064,16.0252,23.0504,8.0189,3.1025,1
-4.7315,2.34,24.9792,11.5192,-3.8676,21.404,-2.701,7.544,34.4416,5.3685,25.6318,21.7605,33.693,36.8688,13.27,-9.156,12.7485,24.1062,20.375,37.8134,36.955,9.3057,44.4818,44.1623,18.9832,32.7008,5.735,14.2521,16.5309,-1.9904,36.4395,36.1029,25.196,43.5911,25.833,-5.5864,11.65,25.7195,22.0288,19.4856,-3.79,6.6593,10.9375,5.7204,20.3117,25.4532,-1.8808,18.36,20.639,-8.4744,-15.8108,9.1845,5.132,29.3179,20.2664,13.1008,16.0486,23.3255,8.112,3.2125,1
-4.73,3.11,25.1424,11.6752,-1.9315,21.4435,-4.3444,3.7136,31.08,2.6262,20.5641,19.5525,33.033,36.3979,13.364,-7.384,14.8863,24.3937,19.6025,36.9026,33.616,0.2253,33.3776,29.6378,15.9792,32.8064,9,15.1618,20.0747,7.5328,38.0404,36.709,25.4592,42.842,25.527,-9.1284,8.5225,25.6691,21.0616,18.3252,-1.704,11.8182,14.2513,5.5152,19.1651,24.9576,-2.3176,17.8416,20.4338,-8.7192,-15.7316,9.183,5.2508,29.1666,20.0648,13.02,16.0156,23.105,8.0511,3.055,1
-4.5065,2.54,24.9264,11.5048,-2.7998,21.741,-2.7406,4.568,30.0512,2.4048,20.1952,19.7415,32.314,35.5139,13.608,-4.384,18.2883,27.6781,19.5025,32.8568,28.5319,1.0569,39.1628,35.1463,17.692,35,7.91,11.699,15.6456,-1.4,34.3374,33.0372,21.7488,37.5796,23.8785,-13.8584,3.11,25.1623,21.7552,20.3292,-1.282,9.4699,9.5998,4.1436,19.5221,24.99,-2.5168,17.2256,20.1944,-8.7024,-15.7712,9.1425,5.3322,29.1003,20.036,13.0424,16.0096,23.0882,8.0371,3.185,1
-4.7135,2.4325,24.6984,10.7224,-4.1203,21.345,-4.3664,3.7648,29.8768,2.8206,23.1362,22.8585,34.393,37.848,15.738,-2.222,18.282,22.9516,13.22,31.0132,34.2691,10.7085,47,45.6113,19.9456,33.9932,4.5925,12.6527,14.8968,-3.1256,35.7654,35.3604,23.3232,39.6388,23.7225,-12.7694,7.02,25.3569,26.6392,21.606,-2.538,4.0304,13.5751,7.0644,25.673,28.3668,0.9656,18.3744,21.08,-8.3592,-15.725,9.06,5.2992,29.2329,20.4128,13.1056,16.066,23.2562,8.0798,3.17,1
-4.559,2.3075,24.2808,10.2712,-4.0557,21.499,-3.5414,3.7872,30.7744,3.1257,22.1927,22.566,35.237,39.4766,16.472,-4.088,15.9006,21.4313,14.32,33.9458,33.7924,8.4594,44.2082,42.5776,19.3104,34.982,9,13.2984,15.0593,-1.5824,36.6943,36.1414,23.396,39.4045,23.376,-10.653,9.18,25.219,19.8712,18.1608,-7.918,7.3102,14.2639,8.5752,26.1686,27.0972,-0.8344,17.808,20.2016,-8.8584,-15.9098,9.084,5.2288,29.1343,20.0336,13.0432,16.009,23.0126,8.0567,3.1075,1
-4.0475,3.7725,25.0872,10.7992,-4.6485,21.63,-3.8835,5.0688,31.3792,3.51,22.9458,23.448,35.506,39.3831,16.104,-3.016,17.3475,22.9125,16.2,35.8356,35.1742,8.9802,44.6384,44.2428,20,34.5944,8.555,13.096,14.4054,-3.9968,36.296,35.059,22.76,39.1493,23.432,-8.8072,10.6225,25.4416,17.3608,16.3704,-6.56,9.0283,16.3681,8.6712,23.8523,25.7076,-3.064,17.6496,20.5598,-8.7936,-15.6612,9.072,5.055,29.1479,20.1728,13.076,16.0516,23.1785,8.028,3.1275,1
-4.6985,2.4125,24.8256,10.792,-4.2457,21.2215,-4.2476,3.4448,28.7824,2.3139,19.9827,19.662,33.603,37.1034,15.436,-5.986,12.7821,19.1382,11.92,32.0824,34.1389,8.4678,44.9552,44.896,19.7096,35,8.1825,14.5304,19.2648,4.228,37.7457,35.4616,22.0504,39.1834,24.794,-7.5488,10.9325,26.1612,22.036,18.6612,-5.158,5.7232,11.1664,4.884,18.386,25.5528,-2.0872,17.0832,20.4194,-8.6352,-15.725,9.081,5.1254,29.2329,20.2616,13.028,16.0336,23.2205,8.0574,3.09,1
-4.7045,2.985,24.9216,10.1824,-4.5231,21.3145,-4.1783,2.9248,28.1712,1.5255,17.9478,18.705,33.141,37.6049,15.518,-5.888,11.4402,18.3332,11.475,28.6372,27.9922,2.3778,40.6064,39.6129,18.2824,32.5808,6.1175,15.5402,20.687,5.3944,38.2756,37.028,24.0464,40.9236,24.2005,-13.909,3.43,24.2194,20.9824,19.8252,-2.982,7.7725,9.5326,3.306,17.6258,24.8292,-2.1256,18.2432,20.6642,-8.8632,-15.7998,9.201,5.2134,29.0714,20.1392,13.0576,16.0246,23.0945,8.0329,3.135,1
-4.409,3.05,25.0704,11.3224,-3.8657,21.708,-3.9484,3.2832,28.5888,2.3022,20.2326,20.106,33.4,38.7167,16.704,-5.496,13.3806,19.1704,11.455,30.0716,32.5954,5.0868,41.6126,40.5237,18.196,31.1204,2.4325,13.6174,21.5047,13,39.6602,37.1138,24.3272,41.4868,24.554,-10.6266,4.61,23.672,18.4888,18.8736,-2.092,11.9286,13.804,4.1112,19.4633,24.6792,-2.1616,18.5504,21.0584,-8.88,-15.7404,9.219,5.088,29.1938,20.0768,13.0496,16.0606,23.1428,8.0371,3.2175,1
-4.535,2.5525,25.0392,10.4584,-3.1684,21.9135,-3.7834,4.7232,30.4864,3.9888,23.8774,23.4165,35.379,38.8816,14.49,-6.432,13.8237,20.256,16.0225,35.1756,36.2242,9.438,42.68,40.5168,17.7216,31.7456,5.715,15.4599,19.8524,2.752,37.0541,35.7179,23.392,39.4716,23.6435,-13.7506,4.155,24.68,25.4152,21.2016,-6.018,8.5361,14.1715,8.3928,26.7104,26.4012,-2.14,18.9712,21.4094,-8.7864,-15.4522,9.306,5.1298,29.0901,20.1896,13.0296,16.009,23.1176,8.0469,3.135,1
-4.3655,2.8025,25.7016,10.2592,-2.967,21.4865,-3.9429,4.1168,29.9392,2.4264,20.8004,21.438,33.682,38.698,15.93,-3.656,14.9325,21.015,9.02,31.924,33.2842,4.272,39.4832,38.6515,16.7872,33.0944,8.7775,15.1057,19.4065,5.1112,37.9424,39.0652,24.8304,38.8325,23.1745,-13.0422,6.5975,26.332,26.8144,20.1048,1.092,19.5117,19.9423,9.7956,29.0729,28.3116,2.0624,20.6784,22.2878,-8.1456,-15.1926,9.264,5.077,29.1581,20.2904,13.06,16.0336,23.0441,8.0301,3.0425,1
-4.8575,2.77,25.2936,10.9864,-3.8353,21.5195,-3.8824,4.2304,30.1472,3.3705,22.1893,21.7485,35.404,39.3151,16.666,-3.008,16.1946,20.5573,13.155,35.0326,35.065,5.007,39.2654,36.7885,17.1872,33.3368,8.5475,15.318,19.9655,3.5776,37.7821,38.579,24.7816,39.5684,23.258,-10.0546,7.975,25.7167,26.7184,20.1768,-2.898,13.1039,16.0342,8.7972,27.6764,26.3424,-0.3064,20.2592,21.8972,-8.3976,-15.2146,9.2715,5.0418,29.1734,20.3192,13.032,16.0252,23.063,8.0217,3.0825,1
-4.856,3.01,25.6368,11.6512,-3.3147,21.466,-3.9495,5.424,30.0736,2.6568,21.8425,22.722,34.901,39.0159,17.15,-3.106,15.4428,20.7735,13.8775,35.9808,36.1087,8.0163,40.997,39.0034,18.1984,33.4256,9,15.9351,20.4309,4.5568,38.1132,38.0488,23.9776,39.0305,23.15,-9.6168,6.9175,25.8931,28.0744,20.9724,-3.774,13.8031,17.0926,8.9052,28.1174,26.6592,-0.6376,20.0208,21.7046,-8.6784,-15.318,9.3555,5.1716,29.2448,20.408,13.0096,16.0654,23.0756,8.0301,3.045,1
-4.5965,2.9575,25.212,11.6968,-2.5053,22.0515,-2.5107,6.0384,31.752,5.3235,26.3475,23.5185,35.175,37.6678,14.004,-4.288,15.1677,21.8752,17.8725,36.5572,37.8139,8.1087,41.7962,39.9694,17.7608,32.9048,6.2925,15.802,19.6327,0.6352,36.2421,34.0525,21.9056,39.2021,23.8375,-10.0568,3.6725,25.3737,27.3832,19.9488,-6.638,11.3973,16.7755,8.7324,24.3857,25.104,-1.0552,19.856,21.953,-8.28,-15.2388,9.2505,5.4378,29.2465,20.1944,13.036,16.0258,23.0567,8.0385,3.1425,1
-4.49,3.5625,24.9144,10.6168,-4.1621,21.5135,-3.5843,4.96,30.2352,3.7053,23.9165,23.0115,35.554,38.6555,15.9,-3.85,15.3441,20.2537,16.6075,37.4504,37.3771,9.2007,41.7926,38.8953,17.8296,33.5504,9,15.7976,20.6792,3.5152,37.4538,36.9081,23.6688,39.1988,23.387,-12.0522,3.005,25.7706,27.6808,21.2352,-4.358,13.051,14.9737,8.1864,27.2732,26.2812,-1.744,19.1824,21.6308,-8.6544,-15.2762,9.2115,5.0418,29.1139,20.2376,13.0336,16.0342,23.1071,8.0231,3.145,1
-4.6865,2.4775,24.9864,10.7704,-3.6738,21.7895,-3.4182,4.2432,30.8768,3.5226,20.9568,20.5035,33.943,37.6287,16.662,-3.996,13.8804,17.1763,11.625,29.7416,29.269,-1.2783,36.8822,34.1872,16.9656,31.7072,0.56,13.4579,19.3753,9.5848,40.4911,38.7099,23.8808,39.7499,23.703,-14.4766,2.5825,24.274,21.652,21.6348,2.976,14.6771,18.5752,9.0324,31.7714,31.0848,5.7656,21.4176,22.8512,-7.776,-15.8812,9.117,5.4422,29.1768,20.0936,13.0248,16.0372,23.1827,8.049,3.105,1
-4.448,2.6975,24.2472,11.3584,-3.5579,21.3395,-3.933,4.3568,29.4624,2.2896,19.9912,19.4025,32.657,37.4179,15.588,-4.932,13.158,18.4367,10.065,27.139,26.3584,-2.0196,36.5906,33.9802,15.8464,30.59,4.835,15.4038,22,9.22,37.8668,36.2745,24.16,40.3648,23.97,-13.6582,4.025,24.2152,15.4696,17.6928,-1.566,13.2327,15.2719,5.436,21.221,26.6244,0.416,19.3632,21.7478,-8.4624,-15.6678,9.1575,5.0528,29.0306,20.1368,13.0736,16.0054,23.1806,8.077,3.13,1
-4.8665,2.685,24.5952,10.5688,-4.5744,21.4225,-3.3632,3.9584,28.5104,1.9071,20.1051,19.641,32.743,36.3299,13.74,-7.096,12.0597,19.5867,11.1475,28.0938,26.0455,-2.49,36.0452,35.144,17.1272,32.2484,5.885,16,21.7478,5.7256,37.4811,36.522,24.2872,40.2262,23.924,-14.4722,2.925,23.9177,16.7992,18.1572,-2.794,13.3776,14.9485,4.5228,20.0639,25.3104,-0.436,19.216,21.2888,-8.5776,-15.5622,9.144,5.2266,29.1581,20.06,13.0352,16.0126,23.1449,8.042,3.045,1
-4.763,2.5975,24.36,11.1856,-3.1228,21.7125,-3.3907,3.9504,28.7152,1.7307,19.0137,19.0785,33.049,37.0762,14.452,-6.51,14.1639,21.13,11.93,29.4226,27.9628,-1.1565,37.253,37.0162,17.7768,32.114,5.765,16,21.7595,6.2488,38.0936,35.6112,23.0048,39.5893,23.972,-13.9332,3.175,23.8925,16.9984,18.0888,-4.484,9.3871,10.3873,4.602,21.1496,25.4808,-0.2704,18.6912,20.882,-8.7672,-15.5094,9.1815,5.2376,29.0969,20.0672,13.0632,16.0204,23.0966,8.0154,3.0525,1
-4.766,2.525,24.6768,11.4304,-4.1222,21.3895,-3.4985,3.248,27.6608,1.4103,19.2092,19.1745,32.896,37.0252,16.378,-6.216,12.633,19.1198,9.0675,26.9278,27.6142,-1.0032,37.8128,37.4716,18.0152,32.582,6.075,15.9065,20.9899,5.7544,38.3169,36.5759,23.1368,39.8764,24.0915,-14.261,2.98,24.1382,18.6544,17.9796,-4.126,9.2445,9.4864,4.3884,20.0429,26.2596,0.6896,19.3872,20.9198,-8.628,-15.5842,9.225,5.132,29.1394,20.2184,13.0304,16.0336,23.1176,8.0336,3.06,1
-4.5275,2.63,24.4008,11.1496,-3.2862,21.5285,-3.8736,3.9344,27.9856,1.3797,18.6176,18.804,32.686,36.7651,13.772,-7.03,13.536,19.5591,10.4725,27.3502,26.9506,-0.6924,38.4176,38.8999,18.2944,33.0044,6.9975,16,20.687,4.4944,38.1769,35.7905,22.3976,38.5234,23.933,-14.9716,3.5725,24.2201,18.8848,17.8884,-3.964,10.3232,10.5385,3.81,19.4906,26.1996,0.5072,18.7824,20.558,-8.6568,-15.6964,9.162,5.1364,29.0748,20.1728,13.0056,16.0324,23.0735,8.0007,3.1375,1
-4.916,2.6675,24.5304,11.3464,-3.2216,21.573,-4.2234,3.5936,28.6768,1.6731,19.2177,19.068,32.934,36.4829,13.76,-7.19,13.2588,20.0099,9.945,27.3612,27.043,-0.5937,38.2052,38.778,17.992,32.4116,6.5525,16,20.5544,4.6264,38.2581,35.9093,22.3584,37.9019,23.744,-15.2378,3.425,23.9674,18.7696,17.4552,-5.06,9.3894,9.8917,3.822,18.3944,25.998,0.3368,18.992,20.9288,-8.8944,-15.593,9.108,5.121,29.1258,20.1632,13.0672,16.0222,23.0504,8.0238,3.0175,1
-4.6955,2.3025,24.912,10.3072,-3.9797,21.437,-3.8769,3.3632,27.8176,1.5723,18.7366,19.0815,32.105,34.9359,14.08,-6.428,11.7678,19.198,8.895,26.8354,27.2026,-1.3749,37.6562,38.0213,18.2496,33.074,6.95,15.7459,20.6181,5.8528,38.55,36.5759,23.1224,39.3099,23.7825,-14.833,4.5,24.5701,19.5664,17.5824,-4.124,10.2542,11.4352,4.1892,18.2474,26.328,0.6488,18.7312,20.6048,-8.5752,-15.5402,9.201,5.2068,29.0799,20.108,13.0336,16.0168,23.0756,8.0091,3.04,1
-4.412,2.27,24.6408,10.6168,-4.221,21.2455,-3.8417,4.704,29.368,2.2239,19.556,19.5735,32.863,35.8998,12.33,-5.746,13.3302,19.1106,11.1025,29.526,29.6491,3.4824,41.7404,40.5743,19.1024,34.6532,8.7,15.7932,21.3032,9.5008,38.5199,34.7367,23.0624,39.5244,23.6655,-16.032,2.085,24.421,16.9648,16.2516,-6.868,7.853,12.0757,4.9572,18.6149,24.8676,-1.8112,18.2992,20.8928,-8.7576,-15.8042,9.1245,5.176,29.0442,20.1896,13.0336,16.0426,23.0924,8.0154,3.035,1
-4.8065,2.3525,24.7416,10.9,-3.5427,21.3935,-4.2718,3.7728,28.8432,2.0205,19.1327,19.701,33.206,36.9589,14.498,-5.306,13.5003,20.7597,15.245,33.4794,34.8151,7.2078,42.3776,42.9479,19.4464,34.8032,9,15.5545,20.3386,5.4688,37.4307,34.608,22.492,38.1659,23.5095,-16.3026,0.89,23.6349,15.5584,16.656,-7.67,6.3925,12.187,6.3456,22.6889,26.7396,0.3632,18.896,20.9828,-8.4744,-15.5512,9.186,5.2046,29.1224,20.0456,13.0216,16.0324,23.0357,8.0168,3.0725,1
-4.925,2.0425,24.648,11.08,-3.1798,21.415,-4.0331,3.952,29.1632,2.0538,19.2857,20.226,33.309,36.4438,13.564,-5.89,13.8258,22.1535,18.545,35.983,36.5266,8.3628,44.0588,44.6384,19.608,34.7612,8.935,16,20.7468,4.3816,36.6999,34.1988,21.632,37.8183,23.8845,-14.492,0.85,23.6587,14.4904,15.5112,-7.856,5.4564,11.0089,5.6748,21.6263,26.718,0.2384,18.7552,21.0044,-8.6592,-15.3818,9.2475,5.1232,29.017,20.0648,13.0496,16.0144,23.1323,8.0119,3.07,1
-4.451,3.0525,25.2096,10.6,-3.8676,21.126,-3.9462,3.5856,28.2704,1.6623,18.7774,18.972,32.508,35.8947,13.11,-6.274,14.0127,21.6935,16.0825,34.7048,35.3086,7.6488,43.292,43.9967,19.5984,34.802,9,15.4181,19.7081,4.0048,36.9267,34.5299,22.1264,38.4156,23.794,-15.7658,1.37,24.19,15.916,16.5384,-8.228,6.0567,11.8951,5.9616,21.116,26.382,-0.232,18.4736,20.9882,-8.5344,-15.6348,9.198,5.0594,29.0374,20.1416,13.0128,16.015,23.0357,8.0189,3.0675,1
-4.643,2.795,25.0128,10.9576,-3.5028,21.383,-4.0309,3.8288,28.5504,1.8432,19.5084,19.65,32.381,35.2606,12.86,-6.53,12.7401,20.5596,15.59,33.5652,34.9936,8.0625,43.0274,43.2124,19.0504,34.364,9,15.7129,19.9798,3.7624,37.0114,34.4815,22.2952,38.2187,23.603,-16.4038,0.45,23.8834,15.5728,16.2984,-8.28,5.7531,11.3281,5.4648,20.9438,26.4564,0.1184,18.7104,20.8586,-8.592,-15.5908,9.144,5.1562,29.1428,20.0912,13.0208,16.0168,23.0273,8.0245,3.15,1
-4.826,3.86,24.8808,10.54,-4.8556,21.2725,-3.779,3.7104,28.7328,2.0439,20.3907,19.323,32.657,35.9219,13.778,-6.418,13.8258,22.5445,18.5575,35.972,35.6614,7.8945,43.5206,44.0979,19.4616,34.4744,9,15.7998,20.2892,4.3144,36.7979,34.5662,22.268,38.6543,24.1605,-14.228,0.7325,23.4907,16.4536,16.77,-8.124,4.0787,10.0996,5.0904,20.2655,25.9812,-1.1656,18.152,20.5778,-8.8656,-15.5556,9.2115,5.2266,29.17,20.0816,13.0208,16.0222,23.0924,8.0399,3.0875,1
-4.8035,2.9675,24.7896,10.1872,-3.6301,21.6705,-3.2114,5.0432,30.176,2.8737,20.8956,20.607,33.055,35.2742,12.77,-5.756,14.7918,24.5248,19.2175,35.7388,35.821,7.6404,44.8274,46,19.892,34.3688,7.685,15.2465,19.8238,3.9112,36.6404,34.1042,21.6336,38.409,24.1115,-14.0806,0.3025,23.4326,16.3984,16.752,-7.308,5.4265,10.4419,5.2992,21.3785,26.802,0.7136,19.08,21.1394,-8.5608,-15.6986,9.225,5.1672,29.0544,20.0888,13.0568,16.024,23.0189,8.0105,3.2125,1
-4.4975,2.645,24.9552,11.368,-3.9949,21.5455,-3.1201,4.6944,28.984,2.394,20.4196,20.3295,33.116,35.3405,13.56,-4.412,15.027,23.1287,16.9975,35.2592,35.7349,6.6492,43.7654,44.3003,19.048,33.5768,7.2525,15.9505,20.1488,3.5656,36.7538,33.7104,21.316,37.254,23.478,-16.824,0.755,23.6552,15.1456,16.3524,-7.254,5.346,11.1244,5.7072,20.8094,26.4144,0.0512,18.6592,20.9018,-8.6736,-15.714,9.18,5.0858,29.0901,20.1488,13.0368,16.027,23.0462,8.0035,3.0775,1
-4.592,2.945,25.1712,12.0352,-2.8587,21.5515,-3.5161,5.7392,30.9808,3.5973,21.6997,19.9635,32.926,34.992,13.478,-5.914,13.3848,20.1594,9.085,24.0458,24.8842,3.9612,43.427,42.1199,18.752,33.1928,6.92,16,19.2648,1.8904,38.5304,38.1555,23.9672,38.3925,23.495,-16.0452,3.27,24.3853,17.512,16.3296,-5.596,4.3455,8.3398,4.6692,18.3398,24.6972,-2.4616,18.6704,21.3176,-8.34,-15.6788,9.1365,5.099,29.0731,20.1032,13.0784,16.0324,23.1071,8.0455,3.2575,1
-4.7195,2.865,24.4032,10.4248,-4.2533,21.815,-2.7692,4.7104,29.7248,2.4156,20.2836,19.3995,32.275,33.6898,13.602,-5.6,14.7372,20.5826,8.085,23.828,27.673,5.4459,43.616,42.4419,19.1352,34.16,8.9675,16,19.5352,3.8776,38.2287,37.1017,23.328,37.6192,23.4245,-15.6624,1.4225,23.9877,17.0224,16.44,-6.598,5.3828,11.1517,4.6068,18.8942,25.302,-0.3496,19.1808,21.5444,-8.304,-15.5534,9.174,5.2156,29.3383,20.0792,13.0808,16.039,23.2415,8.1351,3.3925,1
-4.5155,2.2525,24.7152,11.3536,-3.556,21.479,-3.911,3.6288,27.648,1.9386,20.2445,20.1375,32.99,34.3834,12.47,-6.932,12.9921,19.5867,8.3,25.269,25.8712,3.4929,43.9436,43.8035,19.9104,34.8944,7.62,16,20.8196,6.7888,39.3837,38.8287,24.2432,38.3441,23.464,-14.1466,1.8975,23.8582,17.2432,15.414,-5.876,4.8952,9.4129,5.0328,19.0034,24.096,-2.104,19.008,21.1646,-8.5704,-15.8878,9.0915,5.2046,29.2295,20.1512,13.0504,16.0204,23.0672,8.0434,3.1675,1
-4.217,3.0925,24.432,10.7008,-4.3331,21.5855,-3.6173,3.8848,28.0128,2.2761,19.6172,18.561,31.878,33.6711,11.366,-6.994,12.6183,19.3797,7.905,23.069,25.6444,3.3648,42.7358,42.4879,19.5392,34.9832,8.2475,16,20.219,5.7496,39.4019,39.0355,24.1576,37.9646,23.549,-13.8188,1.665,24.008,17.6296,15.39,-6.02,3.7544,8.1277,4.5708,18.911,24.9084,-1.4584,18.608,20.963,-8.436,-15.659,9.24,5.0638,29.0867,20.1488,13.0712,16.084,23.2898,8.0539,3.0775,1
-4.5455,2.8825,25.176,11.4592,-4.6827,21.677,-3.3885,3.7968,29.112,2.1186,19.9266,19.218,31.578,32.4641,11.346,-7.112,13.347,20.0835,10.07,29.4446,30.9385,5.679,42.0428,40.5306,19.3936,35,8.9475,14.1267,18.1416,6.1384,38.8251,36.4571,22.0672,37.0659,23.388,-16.1992,2.93,24.2761,16.2376,16.0188,-8.016,6.1441,10.2592,4.8576,19.7699,25.182,-0.9808,18.5264,20.8802,-8.4216,-15.9076,9.129,5.1012,29.2142,20.0864,13.028,16.0204,23.1659,8.0252,3.12,1
-4.61,2.9075,24.3264,10.6528,-4.5934,21.169,-4.2795,4.24,28.9488,2.1186,19.624,18.663,31.665,32.5712,12.604,-6.584,13.5717,21.3025,12.285,30.0144,30.97,6.5337,43.5116,43.3251,19.5456,35,7.4375,13.3633,18.2599,9.0592,39.3354,36.0237,21.372,37.7039,23.8205,-12.8882,5.6375,24.1991,15.3016,15.9216,-7.306,7.7748,12.2605,5.2344,20.0219,25.764,-1.6216,17.0656,20.2772,-8.7216,-15.6018,9.219,5.2838,29.0799,20.0936,13.0488,16.024,23.0756,8.0427,3.2875,1